date,time,open,high,low,close,vol
20190315,0,473000,484500,472500,482500,41438
20190314,0,485500,486000,470500,472000,49698
20190313,0,480000,485500,477000,483000,21043
20190312,0,485000,485000,475000,482000,29117
20190311,0,484500,484500,472000,479000,28958
20190308,0,478000,487500,474500,482500,34931
20190307,0,493000,493000,480000,483500,30989
20190306,0,502000,502000,488000,492000,29560
20190305,0,499000,503000,496000,501000,32087
20190304,0,499500,501000,492000,501000,46378
20190228,0,494500,502000,492500,494000,57314
20190227,0,491000,493500,487000,492500,21618
20190226,0,482500,494000,482500,487000,24563
20190225,0,489000,493000,479000,482000,22337
20190222,0,488000,488000,482000,487500,15683
20190221,0,488500,494000,483000,487500,23850
20190220,0,488500,496000,485500,490000,48528
20190219,0,469500,491000,466500,485500,99775
20190218,0,464500,468000,459500,464000,20076
20190215,0,465000,465000,457500,460000,22223
20190214,0,470500,470500,458000,467500,40751
20190213,0,460500,471000,459500,470500,47950
20190212,0,467500,472000,459000,459500,42738
20190211,0,454000,470000,453500,467000,68570
20190208,0,434500,450000,434500,449000,66708
20190207,0,435500,437500,432500,434000,21519
20190201,0,434000,437500,432500,433500,20819
20190131,0,433000,434000,429500,434000,31190
20190130,0,430500,434000,429000,430500,23785
20190129,0,430500,433500,427000,429500,29083
20190128,0,432000,436000,431000,432500,29321
20190125,0,432000,435000,429000,432000,26932
20190124,0,434500,434500,429000,432000,35614
20190123,0,432500,440000,428000,434500,73046
20190122,0,443500,449500,443500,447500,20746
20190121,0,446500,449500,442500,442500,13902
20190118,0,441000,452000,440500,446000,31796
20190117,0,441000,443000,438000,438000,23059
20190116,0,448000,449000,437500,438500,43669
20190115,0,449500,454000,443000,447500,25691
20190114,0,447000,448500,438000,447500,24665
20190111,0,451000,452500,439000,442500,33839
20190110,0,450000,455500,444500,450500,26412
20190109,0,449500,455500,447500,452000,19562
20190108,0,458000,458000,447500,449000,14901
20190107,0,461500,466000,448500,453500,35572
20190104,0,438000,453000,433500,451500,37060
20190103,0,455500,455500,431000,435500,35620
20190102,0,462500,469000,449000,450500,38389
20181228,0,455000,470500,455000,464000,45776
20181227,0,447000,460000,447000,450500,33939
20181226,0,435608,445909,434627,443457,38669
20181224,0,440513,447381,436589,443457,36895
20181221,0,436589,443457,425797,440513,54831
20181220,0,433646,444438,413043,429721,151511
20181219,0,457683,462098,454249,459154,26271
20181218,0,454739,461117,451796,459645,36320
20181217,0,472399,476324,457683,459645,31838
20181214,0,478776,487606,468965,470437,48146
20181213,0,466022,479757,465041,476814,80656
20181212,0,469946,469946,458173,464060,29865
20181211,0,469946,472890,458664,466022,39114
20181210,0,453268,469456,452287,467003,44218
20181207,0,462098,465041,455720,459154,31144
20181206,0,467494,468475,450815,455720,31492
20181205,0,458664,471418,455230,467494,51947
20181204,0,444438,467984,443947,463079,73115
20181203,0,439042,446891,436589,444438,26596
20181130,0,441495,444438,433155,434136,36933
20181129,0,440023,446400,437080,441004,45428
20181128,0,439532,439532,428250,431684,20730
20181127,0,434627,441495,428740,436589,25461
20181126,0,424325,434136,420891,433646,27747
20181123,0,425306,428250,417948,420401,21361
20181122,0,435608,436098,417948,424325,44820
20181121,0,440513,440513,421873,434627,41533
20181120,0,438061,446400,432665,440513,44645
20181119,0,435608,440513,431193,439532,33325
20181116,0,429721,436589,426287,430702,23868
20181115,0,433155,435608,424816,431684,25174
20181114,0,421382,435608,414514,433155,39665
20181113,0,407647,422363,406665,421382,60093
20181112,0,404213,416967,393421,407647,35654
20181109,0,420891,427269,406175,410590,60578
20181108,0,427269,429721,423835,427269,37476
20181107,0,415005,429721,409118,419910,52089
20181106,0,426778,427269,407156,413533,44255
20181105,0,421873,433646,414024,421873,120592
20181102,0,385081,401269,384591,399307,34513
20181101,0,387534,391949,383610,384591,33201
20181031,0,379685,393421,373308,382138,73545
20181030,0,366931,378214,361044,372327,86520
20181029,0,381157,391949,373799,375270,49484
20181026,0,402741,406175,377232,385572,50554
20181025,0,401269,411080,387534,401269,62054
20181024,0,413043,419910,410099,413043,39003
20181023,0,427759,429721,404213,406665,53604
20181022,0,430702,435117,423344,430212,26566
20181019,0,423835,435608,415005,431684,33441
20181018,0,425306,429721,418929,424325,17715
20181017,0,426778,432665,422363,424816,30296
20181016,0,414024,422363,414024,416967,25922
20181015,0,430212,430212,414024,415005,33557
20181012,0,425306,432665,421382,425306,42249
20181011,0,426778,436589,424816,425306,59272
20181010,0,446891,463079,441495,442966,48778
20181008,0,449834,459645,444928,446891,23103
20181005,0,455230,462098,444438,449834,40099
20181004,0,454249,460626,453758,457683,30043
20181002,0,459154,463569,451796,453758,51302
20181001,0,490550,492512,456211,460626,117081
20180928,0,490550,491531,485644,490550,38675
20180927,0,500361,501342,481720,488587,98833
20180921,0,508209,509190,496436,504285,40486
20180920,0,491531,519983,490059,505266,123559
20180919,0,498398,499379,487606,494474,28150
20180918,0,487606,496436,479757,493493,39789
20180917,0,481229,500361,481229,486625,60174
20180914,0,479757,486625,477305,480739,27802
20180913,0,490059,490550,474852,478776,49707
20180912,0,480739,485644,478286,481720,38595
20180911,0,475833,484172,470928,479757,33084
20180910,0,490550,495455,475833,476814,58032
20180907,0,494474,495455,483191,495455,42110
20180906,0,497417,505266,478776,483191,75610
20180905,0,502323,507228,486625,487606,70677
20180904,0,492512,514096,489568,499379,100876
20180903,0,488587,493493,483682,492512,44860
20180831,0,484663,497417,482701,488097,77235
20180830,0,475833,485153,468475,479267,48577
20180829,0,462098,475833,461607,473871,58461
20180828,0,476324,476324,458173,461607,58827
20180827,0,453268,477795,453268,471418,105889
20180824,0,440023,452777,440023,452287,52499
20180823,0,439532,442966,435608,439042,17416
20180822,0,437570,444928,433155,436589,21073
20180821,0,425306,440023,425306,437570,47709
20180820,0,431684,438061,422854,424816,34243
20180817,0,411080,438551,411080,425797,74260
20180816,0,415005,420401,407156,410590,44220
20180814,0,414024,423344,409118,417948,57838
20180813,0,445419,445419,415005,415005,115953
20180810,0,449343,455230,443457,448362,47611
20180809,0,440023,450324,437080,446400,41359
20180808,0,443947,445419,436589,440023,27825
20180807,0,442476,450324,438061,443947,28489
20180806,0,422854,448853,422854,443947,71682
20180803,0,422363,428250,420401,423344,18839
20180802,0,417458,433155,417458,422363,48458
20180801,0,416476,423344,412552,416967,35908
20180731,0,405684,417458,402741,416476,33606
20180730,0,416476,416967,400288,406665,38699
20180727,0,412552,418929,411571,416967,17794
20180726,0,410590,417458,406175,413043,31945
20180725,0,431193,435117,409118,409118,59146
20180724,0,425306,434136,425306,431684,18033
20180723,0,434627,434627,424816,426778,24086
20180720,0,427759,436589,425797,430702,17744
20180719,0,434136,435117,424816,428250,28401
20180718,0,436589,441985,432665,433646,18675
20180717,0,446400,449834,435608,436589,27996
20180716,0,440513,449834,438061,446400,32860
20180713,0,431684,444928,431684,442476,40383
20180712,0,429231,438551,427759,436098,45133
20180711,0,435117,438551,423344,425306,35462
20180710,0,431193,444438,426778,440023,56792
20180709,0,426778,432665,424325,426778,29373
20180706,0,424325,430212,416476,427759,38364
20180705,0,433155,435117,419420,428250,37146
20180704,0,398817,434627,398817,432665,91373
20180703,0,404703,407156,394402,398817,32658
20180702,0,410099,415986,402741,402741,27701
20180629,0,415495,418929,410099,413043,23523
20180628,0,421873,431193,412552,414514,35530
20180627,0,409609,434136,409609,424816,66430
20180626,0,416967,416967,404213,410099,31375
20180625,0,414024,424325,408628,417948,32830
20180622,0,392930,416476,392440,415005,46523
20180621,0,401269,404213,395383,395383,34919
20180620,0,393421,406665,393421,405194,57954
20180619,0,421382,421873,391458,392440,108716
20180618,0,430212,435608,417948,421382,39068
20180615,0,430702,438061,429231,431684,46868
20180614,0,441495,442476,430702,430702,64822
20180612,0,442476,444928,440023,441004,37694
20180611,0,439042,443947,438061,441985,26622
20180608,0,448362,449343,441495,441495,44997
20180607,0,448362,451306,444438,445909,52667
20180605,0,462588,465041,443457,446400,99921
20180604,0,465531,471909,460135,462098,41369
20180601,0,473871,480248,467003,470437,45456
20180531,0,477795,479267,470928,473871,49029
20180530,0,487116,490550,463569,472890,59968
20180529,0,486135,492512,483682,487606,43713
20180528,0,479757,487116,473871,480248,46992
20180525,0,479267,491531,479267,486135,57510
20180524,0,469456,481720,469456,479267,35556
20180523,0,486625,490059,468475,468475,67045
20180521,0,485153,496436,481229,490550,42046
20180518,0,472399,486625,469946,484172,54445
20180517,0,477305,477305,467003,472399,47243
20180516,0,467003,475342,457683,472890,53265
20180515,0,454249,469946,450815,465041,70170
20180514,0,454249,457192,445909,451306,31045
20180511,0,450324,465531,448362,452287,37295
20180510,0,466022,466022,448362,450324,51105
20180509,0,439532,464550,437570,460626,80894
20180508,0,435608,451306,434136,434627,47944
20180504,0,449343,451796,437570,438061,62330
20180503,0,461117,461117,451306,452777,30233
20180502,0,446400,468965,438551,451306,62997
20180430,0,463079,471909,455230,457192,45571
20180427,0,473380,475342,463079,468475,33445
20180426,0,452287,471418,450815,465041,71969
20180425,0,446891,454739,441985,446891,52837
20180424,0,449343,461607,448853,451306,61186
20180423,0,478776,480739,447381,449343,145202
20180420,0,484663,490550,477795,483191,51170
20180419,0,492512,493493,473380,481229,88860
20180418,0,506247,516058,490550,493493,67243
20180417,0,519983,521945,501342,505266,39100
20180416,0,524888,535680,513115,515077,46203
20180413,0,497417,530775,486625,529794,178714
20180412,0,548434,549416,527831,530775,69670
20180411,0,549416,566094,538623,548434,119982
20180410,0,509190,546472,504285,544510,182538
20180409,0,505266,508209,497417,502323,44697
20180406,0,501342,510172,496436,508209,29818
20180405,0,516058,516058,496436,500361,44532
20180404,0,492512,518020,488587,509190,86752
20180403,0,493493,496436,487606,490550,34555
20180402,0,495455,503304,493493,497417,34243
20180330,0,502323,507228,487606,501342,56778
20180329,0,497417,507228,497417,507228,31332
20180328,0,498398,510172,493493,499379,34441
20180327,0,503304,514096,499379,506247,45819
20180326,0,483682,499379,483682,497417,48792
20180323,0,490059,495455,485153,485153,65911
20180322,0,513115,521945,496436,503304,52961
20180321,0,496436,522926,496436,515077,84876
20180320,0,486135,500361,486135,499379,33663
20180319,0,500361,502323,493493,493493,26928
20180316,0,505266,506247,496436,501342,38054
20180315,0,493493,506247,489078,503304,46898
20180314,0,497417,498398,487606,493493,40378
20180313,0,500361,512134,495455,501342,83354
20180312,0,475342,505266,471909,500361,115466
20180309,0,464550,477305,461117,469946,66257
20180308,0,466022,468965,456702,462588,57611
20180307,0,467494,469946,459154,463079,52718
20180306,0,453268,471418,449834,469946,92983
20180305,0,446891,454249,441495,446891,54992
20180302,0,447381,453758,441004,446891,81279
20180228,0,475833,477305,453268,454249,142214
20180227,0,477795,483191,475342,480739,51240
20180226,0,477305,486135,475833,475833,50071
20180223,0,474852,479757,472399,476814,66885
20180222,0,485644,486135,475833,475833,81916
20180221,0,491531,494474,483682,485644,65989
20180220,0,489078,507228,486625,488587,178120
20180219,0,483682,498398,467003,485644,527313
20180214,0,527831,534699,523907,530775,48866
20180213,0,524888,531756,517039,527831,47311
20180212,0,531756,532737,516058,519001,60749
20180209,0,519983,530775,515077,525869,55738
20180208,0,534699,549416,530775,536661,61662
20180207,0,564132,566094,534699,534699,94785
20180206,0,505266,556283,497417,543529,216132
20180205,0,547453,560208,508209,511153,132115
20180202,0,559227,563151,549416,552359,54673
20180201,0,581792,583754,558245,558245,137676
20180131,0,589641,595527,569038,585716,72358
20180130,0,588660,608282,586697,595527,131771
20180129,0,587678,590622,571000,580811,66872
20180126,0,571000,588660,567075,583754,57398
20180125,0,570019,580811,570019,573943,35249
20180124,0,573943,583754,570019,572962,44042
20180123,0,557264,576886,551378,576886,67710
20180122,0,553340,560208,542548,549416,75560
20180119,0,576886,582773,556283,559227,85207
20180118,0,582773,585716,574924,579830,43894
20180117,0,594546,596508,575905,577867,74811
20180116,0,606319,608282,583754,594546,68459
20180115,0,614168,618093,593565,606319,67876
20180112,0,574924,618093,574924,608282,202299
20180111,0,573943,580811,570019,573943,41521
20180110,0,577867,586697,567075,577867,41909
20180109,0,588660,595527,569038,575905,64940
20180108,0,592584,598471,581792,587678,50713
20180105,0,577867,588660,573943,586697,41066
20180104,0,596508,599452,570019,574924,59424
20180103,0,580811,598471,575905,594546,90899
20180102,0,575905,584735,569038,580811,56430
20171228,0,571000,574924,566094,572962,34966
20171227,0,559227,574924,555302,570019,52544
20171226,0,540791,561961,540791,553301,71128
20171222,0,535979,552338,532130,551376,61052
20171221,0,537904,543678,532130,532130,34551
20171220,0,541753,549451,534055,542716,30077
20171219,0,546564,548489,531168,548489,44797
20171218,0,546564,551376,541753,542716,30511
20171215,0,550413,553301,540791,546564,54094
20171214,0,551376,559073,547527,547527,59594
20171213,0,547527,558112,547527,551376,30000
20171212,0,546564,554262,535979,548489,44429
20171211,0,516734,553301,510960,549451,79741
20171208,0,514810,528282,510960,514810,63819
20171207,0,535979,540791,506149,511923,81751
20171206,0,555225,556187,531168,535017,59602
20171205,0,557150,560998,548489,554262,35837
20171204,0,560036,561961,551376,554262,37280
20171201,0,548489,562923,548489,558112,48630
20171130,0,572546,572546,545602,547527,99594
20171129,0,562923,574470,560036,572546,88303
20171128,0,562923,584092,549451,553301,146740
20171127,0,552338,561961,543678,547527,49425
20171124,0,542716,565810,537904,553301,84643
20171123,0,535017,550413,521545,542716,73107
20171122,0,565810,571583,537904,538867,114796
20171121,0,556187,564847,542716,561961,69921
20171120,0,549451,571583,549451,552338,96053
20171117,0,558112,558112,536942,540791,101719
20171116,0,565810,569659,535017,556187,160567
20171115,0,521545,573507,515772,565810,359915
20171114,0,512885,523470,506149,516734,98104
20171113,0,494602,512885,487866,509999,125614
20171110,0,483055,490754,483055,486904,32206
20171109,0,491715,498451,484980,484980,63286
20171108,0,483055,494602,477763,491715,51857
20171107,0,493640,493640,483055,485942,58286
20171106,0,491715,497489,484017,494602,85761
20171103,0,489791,498451,481131,488829,156915
20171102,0,476320,479206,466215,466697,94885
20171101,0,461404,488829,458036,480168,251688
20171031,0,443602,453706,438791,446008,109134
20171030,0,466215,467658,442640,444564,132032
20171027,0,459961,471027,451301,466215,90550
20171026,0,468621,468621,455630,459480,134575
20171025,0,484980,486904,467658,468621,145831
20171024,0,482092,489791,477281,488829,80561
20171023,0,493640,502300,480649,485942,90025
20171020,0,491715,501338,484980,493640,93168
20171019,0,479687,504225,475838,495565,327206
20171018,0,461886,474875,456112,461886,102355
20171017,0,458998,465253,447932,463810,103789
20171016,0,473432,476320,455149,461886,91623
20171013,0,469583,475838,458518,467658,117015
20171012,0,449857,470064,449376,467178,159936
20171011,0,461404,463810,437829,445527,118399
20171010,0,441678,460442,441196,458518,161969
20170929,0,417621,439753,417621,437347,201366
20170928,0,421951,426762,414734,414734,64332
20170927,0,424357,427244,417621,423876,54456
20170926,0,423395,428687,415696,424357,59963
20170925,0,420027,429168,416178,424357,75514
20170922,0,423876,430130,410885,420027,107307
20170921,0,433499,435904,419545,426282,99636
20170920,0,417621,436385,411367,430130,250851
20170919,0,391159,414734,390677,414734,238657
20170918,0,399339,399819,390197,390197,59549
20170915,0,392602,401263,392602,396451,71450
20170914,0,385866,394527,385866,394527,73119
20170913,0,396451,396451,387791,387791,79915
20170912,0,403668,405593,392122,396451,81807
20170911,0,399339,404631,399339,402706,55547
20170908,0,402225,408961,395008,398376,98819
20170907,0,396451,403187,392122,400300,88464
20170906,0,384423,396451,383460,394527,95608
20170905,0,394527,395489,380093,385385,107801
20170904,0,385866,396933,385866,391159,105192
20170901,0,389234,402706,388754,396933,208194
20170831,0,389716,391640,383942,387791,67577
20170830,0,384423,392602,381055,388272,117406
20170829,0,382499,387791,376725,383942,146211
20170828,0,359886,382499,358442,382499,260032
20170825,0,356998,357961,352669,356518,31722
20170824,0,354112,359404,352669,354593,44262
20170823,0,356998,357480,352187,354112,38411
20170822,0,359404,359886,351706,356998,55265
20170821,0,353631,360366,350263,354593,86065
20170818,0,331018,353631,331018,352669,124945
20170817,0,326687,333904,325725,333423,44087
20170816,0,329575,331018,324282,326206,57280
20170814,0,331498,333423,327169,328130,41091
20170811,0,330536,334386,327169,331018,46310
20170810,0,331018,339197,330536,334867,61732
20170809,0,336310,336310,331980,331980,47076
20170808,0,340640,344489,335347,337753,41550
20170807,0,331980,341603,331498,340159,63235
20170804,0,326687,336310,326687,331498,70695
20170803,0,342564,343046,328612,328612,149934
20170802,0,350744,352669,341603,342564,95062
20170801,0,353631,357480,347376,348820,93630
20170731,0,357961,362772,353631,354112,76885
20170728,0,367583,368065,359404,360848,71661
20170727,0,366621,367583,361810,366621,47664
20170726,0,361329,366621,360848,364697,49496
20170725,0,361810,364697,358442,361329,59931
20170724,0,363254,365659,360848,362772,26977
20170721,0,369989,370951,362772,363254,74275
20170720,0,360848,369508,358442,368546,78602
20170719,0,360848,365659,356518,360366,82717
20170718,0,364697,364697,356518,360848,59037
20170717,0,360366,368546,356037,362291,83454
20170714,0,358923,360366,354112,360366,45183
20170713,0,367103,367583,355074,357961,78122
20170712,0,362772,371914,361329,363254,80715
20170711,0,355074,360366,353149,359886,51520
20170710,0,362772,363734,354593,355555,47711
20170707,0,367103,368546,359404,362772,57561
20170706,0,359886,370471,359886,367103,96761
20170705,0,354593,360366,353631,359886,50804
20170704,0,356518,361810,353631,354593,61932
20170703,0,362291,362772,349301,356518,106427
20170630,0,366140,372876,356998,358923,139794
20170629,0,371432,373838,358923,370951,120516
20170628,0,385866,386829,367103,368065,197053
20170627,0,388272,394527,386348,389234,65048
20170626,0,396451,397414,389234,389716,59464
20170623,0,397414,400782,391159,393565,70791
20170622,0,391159,396451,385866,393083,101748
20170621,0,381055,389234,381055,385866,79199
20170620,0,395489,397894,383460,384905,103050
20170619,0,385866,398857,375763,394046,149263
20170616,0,406074,407036,384905,385385,222827
20170615,0,411367,411367,396451,408480,177302
20170614,0,408480,415696,404150,410404,211626
20170613,0,396933,410885,394046,406074,278350
20170612,0,401744,404631,391159,393083,174634
20170609,0,387310,402225,384905,398857,324268
20170608,0,373838,383460,373838,378168,149489
20170607,0,374320,375763,369027,372876,111545
20170605,0,376725,387791,373357,377206,191768
20170602,0,374800,376244,369027,373838,119960
20170601,0,372395,378649,363734,373838,187292
20170531,0,356518,375282,354593,367583,339295
20170530,0,346414,357961,342564,353149,145660
20170529,0,353149,353631,344008,344970,80814
20170526,0,350744,357480,348338,350263,89774
20170525,0,355074,356518,349301,349781,88729
20170524,0,357480,362291,353149,353149,163273
20170523,0,342564,357480,334386,357480,236966
20170522,0,346414,349301,339678,343046,93096
20170519,0,347857,348338,342084,344489,77795
20170518,0,343527,347857,338235,344489,110397
20170517,0,350263,357961,349301,350263,95714
20170516,0,363254,366140,346895,350263,182896
20170515,0,364215,373357,358442,358923,148775
20170512,0,369027,372395,356037,364215,195206
20170511,0,341603,368065,336792,366140,356748
20170510,0,341603,344970,330536,339678,245268
20170508,0,308885,341121,308885,335829,483332
20170504,0,298301,305999,296857,304556,136328
20170502,0,298301,299744,291565,297339,78741
20170428,0,291084,300225,287716,296857,180279
20170427,0,290602,292045,287234,288197,38302
20170426,0,292527,293490,289159,289159,47781
20170425,0,291565,296376,289640,291084,47867
20170424,0,293008,293008,289159,290602,41362
20170421,0,294451,294451,290602,292045,49639
20170420,0,288678,295895,286753,291565,121620
20170419,0,288197,293008,286273,288197,71162
20170418,0,290602,291084,286273,288678,62181
20170417,0,293970,296376,286753,290602,64777
20170414,0,282905,304556,282423,291084,313769
20170413,0,280017,280499,277612,280499,40079
20170412,0,280017,280017,276168,277612,37900
20170411,0,280017,282905,278093,279536,35043
20170410,0,284829,284829,279536,280017,44398
20170407,0,283385,288678,283385,284829,35564
20170406,0,284829,285791,280499,284348,52393
20170405,0,291565,292527,284829,286273,66261
20170404,0,293490,293490,289640,291084,31017
20170403,0,290122,293490,287716,292045,78134
20170331,0,283867,290122,282423,287716,40287
20170330,0,289159,289640,282905,283867,66339
20170329,0,291084,291084,286273,289640,51470
20170328,0,292527,292527,287716,289640,31968
20170327,0,286753,294451,284829,290122,83747
20170324,0,282905,286753,281942,286753,55764
20170323,0,285791,285791,280017,281942,37002
20170322,0,278093,286273,278093,284348,68663
20170321,0,279536,281942,278093,279056,42929
20170320,0,281461,281942,277131,279056,34762
20170317,0,283385,284348,281461,281942,34899
20170316,0,282423,285310,280980,281942,43779
20170315,0,286753,288197,280499,280980,64435
20170314,0,287716,290122,285310,285791,41768
20170313,0,286273,287716,283867,285791,35687
20170310,0,285791,290602,283385,285791,49880
20170309,0,287716,289640,284829,284829,54836
20170308,0,292527,296376,285791,285791,89243
20170307,0,291565,293490,286753,292045,57150
20170306,0,292527,298782,290602,293970,54552
20170303,0,301187,301187,292527,293490,61815
20170302,0,310329,310810,301187,302150,53163
20170228,0,312735,312735,301187,308885,70782
20170227,0,306961,315621,305999,308404,109803
20170224,0,295895,306479,295895,305999,114827
20170223,0,293008,299262,291565,295414,62539
20170222,0,295895,295895,291084,291565,40259
20170221,0,293008,297819,293008,294933,33570
20170220,0,300225,301187,293490,294451,54305
20170217,0,294933,302631,294933,301668,55100
20170216,0,298782,301187,291565,295895,70115
20170215,0,287234,297339,284348,295895,104730
20170214,0,278040,284339,277141,284339,91662
20170213,0,280290,282989,277591,281640,59049
20170210,0,275792,280290,273991,278491,95880
20170209,0,274892,278491,272641,272641,72030
20170208,0,269942,275792,268142,274892,81363
20170207,0,265443,273991,264993,273542,114185
20170206,0,264993,269042,262744,266343,43914
20170203,0,266793,268142,261844,263644,67962
20170202,0,269942,271291,265443,266793,71194
20170201,0,261844,270392,260044,269942,119011
20170131,0,258245,262294,257345,259144,40986
20170126,0,257795,259595,253295,257345,64048
20170125,0,261394,264093,256896,257795,79122
20170124,0,264993,266793,261394,261844,71361
20170123,0,270842,271291,266343,266343,43642
20170120,0,264093,274892,263644,270392,125424
20170119,0,268142,268592,263193,263644,59643
20170118,0,266343,270392,265443,265893,45430
20170117,0,270842,272191,266793,267242,52327
20170116,0,272191,273542,265893,269492,77777
20170113,0,260945,274892,260945,270842,174934
20170112,0,261844,262744,258695,260044,60819
20170111,0,260494,264093,258695,260945,73965
20170110,0,259144,262744,255546,258695,68987
20170109,0,262744,263644,257795,258695,93892
20170106,0,264543,265443,260945,262744,96829
20170105,0,268142,272641,266343,267693,131961
20170104,0,261394,267242,260494,266793,206859
20170103,0,260494,264543,256445,258245,244627
20170102,0,268592,269042,255546,255995,298485
20161229,0,277591,287488,274442,274892,432668
20161228,0,296037,306835,293338,306835,123502
20161227,0,298286,299186,292437,295587,87703
20161226,0,291987,298286,289288,296037,117275
20161223,0,281640,293788,281190,288838,141126
20161222,0,283890,284789,280290,281190,44769
20161221,0,284789,285239,279841,284339,60545
20161220,0,285239,287939,282540,282989,45064
20161219,0,287038,290187,282089,282540,79917
20161216,0,290638,294237,285689,287488,74038
20161215,0,282540,290187,282089,288388,69948
20161214,0,290187,291987,282540,284789,107622
20161213,0,283439,291087,281640,289288,132603
20161212,0,283439,284789,276241,280740,121392
20161209,0,275341,286589,274892,278941,199534
20161208,0,282089,286138,265443,273991,471776
20161207,0,314033,315383,259144,279841,860669
20161206,0,314934,326180,311783,313584,88865
20161205,0,310884,317182,308634,310884,38120
20161202,0,315383,320782,312684,312684,60268
20161201,0,332029,332480,315833,317182,85892
20161130,0,333830,334729,326630,331579,57242
20161129,0,326630,336078,324831,331579,80662
20161128,0,331129,332029,323931,325731,82486
20161125,0,311783,330229,311783,325280,127200
20161124,0,308634,318982,303685,313133,147982
20161123,0,323931,325280,305485,308634,180790
20161122,0,325731,328880,321682,323031,66723
20161121,0,327979,331129,320332,322581,98109
20161118,0,344627,345076,328430,328880,131789
20161117,0,354075,355425,341928,344627,86093
20161116,0,361273,361723,352275,353175,89457
20161115,0,364422,372521,357224,358124,137612
20161114,0,359023,372071,356775,362623,119747
20161111,0,364873,373871,353175,356775,224150
20161110,0,341027,364422,337428,361273,344974
20161109,0,332930,336078,309534,322131,227646
20161108,0,326630,336978,323481,336978,108723
20161107,0,327530,328430,318082,324381,74994
20161104,0,315833,330229,308184,324831,127663
20161103,0,300086,317633,300086,315833,165848
20161102,0,316733,316733,299636,300086,168212
20161101,0,325280,328880,311333,314033,198415
20161031,0,335179,344176,321231,325731,217931
20161028,0,367121,367572,336078,336078,233299
20161027,0,363072,370721,359924,368021,80825
20161026,0,360824,366222,357674,363072,76059
20161025,0,372071,372521,362173,363072,106339
20161024,0,377470,377470,362173,374321,128723
20161021,0,360373,375671,359924,371171,129402
20161020,0,364422,368021,359023,361273,78150
20161019,0,360824,368922,359474,360824,91660
20161018,0,366222,373871,358574,359924,134741
20161017,0,372071,372971,354525,367572,229039
20161014,0,381069,386468,373421,373871,91926
20161013,0,389617,393667,378820,379269,107241
20161012,0,381069,399515,380169,389617,131144
20161011,0,394116,397266,384668,385118,120209
20161010,0,382419,394567,378820,391417,201386
20161007,0,408513,412563,377920,380619,485284
20161006,0,405814,416162,401765,405364,316013
20161005,0,433258,437757,410764,411213,475016
20161004,0,417512,444055,391417,423810,1163160
20160930,0,583976,588476,451705,457103,1800563
20160929,0,559682,559682,550684,557882,120468
20160928,0,561481,562381,548885,552483,61725
20160927,0,547984,557882,539886,554283,85879
20160926,0,547084,556982,544384,551584,74514
20160923,0,545284,547984,538086,545284,46470
20160922,0,543485,548885,536286,541685,58377
20160921,0,538086,548885,536286,540786,104964
20160920,0,501193,533587,501193,529088,116311
20160919,0,491296,505693,491296,502993,44084
20160913,0,495795,499394,489497,493995,42728
20160912,0,478699,498494,478699,490396,59460
20160909,0,497595,502993,487696,490396,106443
20160908,0,511991,517390,493095,503893,142750
20160907,0,522789,524589,505693,509292,105599
20160906,0,535387,535387,516491,520989,106293
20160905,0,535387,537186,529988,530888,46135
20160902,0,536286,537186,528188,531788,33102
20160901,0,534487,541685,529988,535387,47465
20160831,0,551584,555182,521890,534487,132471
20160830,0,551584,557882,549784,551584,35823
20160829,0,556982,564180,550684,552483,70636
20160826,0,554283,559682,546184,554283,51336
20160825,0,547984,551584,540786,548885,34614
20160824,0,554283,562381,544384,545284,52231
20160823,0,520989,548885,520989,548885,83960
20160822,0,529988,537186,524589,526388,42160
20160819,0,530888,537186,528188,529988,42225
20160818,0,538086,542585,528188,529088,57074
20160817,0,548885,552483,534487,538086,79705
20160816,0,567781,569580,549784,553383,55761
20160812,0,552483,571379,551584,564180,77115
20160811,0,556082,556082,548885,553383,53285
20160810,0,539886,554283,538985,553383,70849
20160809,0,532688,557882,532688,538985,103424
20160808,0,527289,535387,525488,535387,59819
20160805,0,529988,539886,521890,522789,61988
20160804,0,513792,538086,510192,529988,75319
20160803,0,520089,521890,511991,512892,52220
20160802,0,520089,531788,518290,520089,85110
20160801,0,544384,545284,516491,517390,181152
20160729,0,568680,568680,548885,549784,91561
20160728,0,548885,566881,546184,563280,112591
20160727,0,578578,580377,548885,548885,193091
20160726,0,571379,582176,567781,581277,51969
20160725,0,581277,586677,569580,569580,63866
20160722,0,582176,588476,575879,581277,43092
20160721,0,599273,605573,580377,582176,106246
20160720,0,603772,609171,597474,597474,36080
20160719,0,598373,607372,592974,601972,49700
20160718,0,602873,608272,595674,596574,54656
20160715,0,611871,611871,601972,604672,46583
20160714,0,609171,615470,602873,609171,59928
20160713,0,626268,627168,610971,611871,75981
20160712,0,628967,636165,620869,621769,49162
20160711,0,625368,631667,621769,628067,45391
20160708,0,627168,633466,615470,620869,49227
20160707,0,623568,628067,616370,627168,55807
20160706,0,618169,621769,610971,619069,72179
20160705,0,632567,633466,616370,619968,111191
20160704,0,644264,645164,634366,635266,49515
20160701,0,640665,649663,637965,644264,66050
20160630,0,650563,655061,632567,635266,110295
20160629,0,623568,648764,621769,645164,196715
20160628,0,593875,630767,591175,619069,97615
20160627,0,594775,607372,590275,600173,99040
20160624,0,632567,633466,582176,611871,253871
20160623,0,622668,627168,610971,625368,55650
20160622,0,626268,634366,618169,618169,66555
20160621,0,607372,622668,601972,620869,87809
20160620,0,595674,605573,588476,602873,58051
20160617,0,583076,601972,582176,584876,62027
20160616,0,593875,597474,571379,575879,57994
20160615,0,596574,602873,586677,592075,53154
20160614,0,596574,601972,583076,598373,64414
20160613,0,610071,617269,595674,601072,54426
20160610,0,623568,628067,612771,618169,60814
20160609,0,612771,628967,607372,619069,136246
20160608,0,618169,618169,598373,611871,70065
20160607,0,582176,619069,580377,614570,135006
20160603,0,577678,579477,572279,577678,43895
20160602,0,574978,579477,567781,574078,41289
20160601,0,570480,577678,569580,574978,56411
20160531,0,558782,573179,557882,569580,78972
20160530,0,549784,562381,545284,558782,56716
20160527,0,552483,559682,550684,551584,28823
20160526,0,546184,559682,546184,552483,55891
20160525,0,565980,565980,538985,552483,95883
20160524,0,561481,565980,552483,557882,76871
20160523,0,516491,567781,513792,556982,236239
20160520,0,503893,519190,502093,512892,85551
20160519,0,511991,516491,499394,503893,65412
20160518,0,519190,529088,509292,511991,52819
20160517,0,534487,536286,521890,523689,42753
20160516,0,538985,546184,530888,531788,49480
20160513,0,526388,544384,524589,535387,75423
20160512,0,521890,532688,515591,526388,35980
20160511,0,539886,541685,522789,524589,57327
20160510,0,518290,537186,518290,533587,91409
20160509,0,518290,529088,513792,516491,62250
20160504,0,512892,518290,504793,514691,68978
20160503,0,512892,522789,507492,519190,88865
20160502,0,533587,539886,502093,510192,169003
20160429,0,548885,550684,530888,537186,119996
20160428,0,554283,560581,547084,550684,82207
20160427,0,574078,574978,547084,552483,152157
20160426,0,574078,582176,572279,574078,37353
20160425,0,580377,583976,574978,575879,37384
20160422,0,580377,588476,576778,580377,56024
20160421,0,585777,586677,573179,578578,72879
20160420,0,589376,591175,583076,583076,29416
20160419,0,584876,594775,583076,588476,41039
20160418,0,584876,589376,580377,583976,36691
20160415,0,580377,591175,580377,589376,40188
20160414,0,589376,592075,580377,583076,60371
20160412,0,588476,597474,578578,583076,86097
20160411,0,614570,618169,589376,592075,137154
20160408,0,614570,620869,611871,614570,41271
20160407,0,622668,625368,610971,619069,68277
20160406,0,634366,635266,616370,616370,103696
20160405,0,645164,648764,636165,638865,34317
20160404,0,632567,650563,629868,646963,58294
20160401,0,626268,644264,626268,629868,73844
20160331,0,643364,646963,626268,628967,90449
20160330,0,655961,655961,643364,646064,55333
20160329,0,641564,652362,635266,652362,64880
20160328,0,647864,660460,636165,636165,72246
20160325,0,630767,647864,626268,642464,95367
20160324,0,629868,634366,618169,626268,43512
20160323,0,633466,641564,627168,629868,42092
20160322,0,636165,639765,628967,633466,47408
20160321,0,633466,643364,632567,637065,134431
20160318,0,609171,613671,600173,613671,61378
20160317,0,607372,614570,601972,606472,62644
20160316,0,598373,614570,593875,603772,58482
20160315,0,599273,605573,590275,599273,51156
20160314,0,616370,616370,598373,599273,69172
20160311,0,610971,611871,600173,608272,69285
20160310,0,628067,632567,601072,608272,143098
20160309,0,619069,637965,617269,624468,61552
20160308,0,639765,644264,612771,621769,71037
20160307,0,646963,653262,630767,635266,48608
20160304,0,646963,659561,645164,645164,102904
20160303,0,625368,649663,616370,646963,133554
20160302,0,595674,628067,592974,623568,166611
20160229,0,592075,595674,580377,587576,64005
20160226,0,592974,593875,584876,592974,49694
20160225,0,590275,592974,581277,589376,51170
20160224,0,575879,595674,571379,586677,63100
20160223,0,607372,607372,576778,578578,73996
20160222,0,600173,609171,587576,602873,64754
20160219,0,573179,600173,565980,599273,102626
20160218,0,560581,579477,555182,573179,104865
20160217,0,573179,575879,544384,546184,129451
20160216,0,576778,586677,571379,573179,97686
20160215,0,574978,579477,554283,571379,140867
20160212,0,624468,628067,544384,567781,299457
20160211,0,630767,643364,625368,628967,96977
20160205,0,655961,663159,638865,648764,83181
20160204,0,670359,673957,638865,649663,142082
20160203,0,656862,673957,653262,664060,87906
20160202,0,649663,661360,647864,655061,75003
20160201,0,642464,655061,641564,650563,80356
20160129,0,634366,637065,616370,630767,111645
20160128,0,636165,642464,629868,636165,57957
20160127,0,646064,651463,627168,637965,105954
20160126,0,655061,670359,645164,645164,112517
20160125,0,654162,663159,647864,655061,57269
20160122,0,663159,664060,633466,650563,103840
20160121,0,657761,663159,639765,652362,98014
20160120,0,677557,681156,645164,655061,100627
20160119,0,655961,679356,646064,677557,135064
20160118,0,633466,661360,628067,657761,102950
20160115,0,658661,666760,636165,638865,151369
20160114,0,652362,659561,636165,651463,148710
20160113,0,655061,676657,649663,670359,96171
20160112,0,669459,673957,644264,648764,138261
20160111,0,698252,706351,668559,668559,125493
20160108,0,682055,707251,675758,704552,138308
20160107,0,701852,711750,672158,693754,134793
20160106,0,667660,703652,660460,698252,198941
20160105,0,646963,668559,641564,665860,133122
20160104,0,656862,664060,643364,650563,91829
20151230,0,673957,673957,648764,655061,139993
20151229,0,602873,665860,599273,662260,281463
20151228,0,580298,606795,574115,578531,160737
20151224,0,603261,606795,585597,588245,101024
20151223,0,619160,622694,600612,602378,107731
20151222,0,606795,621811,595312,618277,154643
20151221,0,591780,609444,588245,597962,137697
20151218,0,570582,597078,562632,593545,166768
20151217,0,578531,596196,567048,576764,185320
20151216,0,574998,579414,567048,571465,156772
20151215,0,570582,579414,559982,562632,152668
20151214,0,574115,576764,555566,560866,211243
20151211,0,611211,622694,577648,582948,216795
20151210,0,649191,650957,605028,615628,192153
20151209,0,653607,661556,643009,647423,62807
20151208,0,665089,675689,640359,649191,152673
20151207,0,679222,686288,662440,670389,119988
20151204,0,657140,671273,652724,662440,85339
20151203,0,661556,688055,655374,671273,134657
20151202,0,682755,683638,665089,665972,139563
20151201,0,702187,707485,667739,674805,270779
20151130,0,722500,724268,686288,701303,253562
20151127,0,738399,740166,718968,729567,126190
20151126,0,746350,757832,734867,734867,140713
20151125,0,724268,751649,719851,739284,185976
20151124,0,741934,746350,724268,724268,165713
20151123,0,711019,751649,707485,748116,369264
20151120,0,683638,713668,673922,698653,208811
20151119,0,648307,684521,627993,684521,360950
20151118,0,671273,677455,638592,639475,203899
20151117,0,678338,682755,651840,666857,214783
20151116,0,658906,684521,652724,658024,198592
20151113,0,680988,693354,658906,675689,306799
20151112,0,718968,728684,694237,696888,239429
20151111,0,692471,724268,675689,722500,393077
20151110,0,764014,774613,688055,692471,986864
20151109,0,675689,771964,662440,727801,1609879
20151106,0,627993,627993,627993,627993,79308
20151105,0,491088,499921,478723,483138,190470
20151104,0,461940,485789,455758,485789,252525
20151103,0,441627,459291,438092,457525,153625
20151102,0,451342,461940,436769,446043,190130
20151030,0,448692,471657,440301,456642,217322
20151029,0,408062,451342,405413,451342,362538
20151028,0,427936,432794,406297,407620,298370
20151027,0,441184,454875,411595,435443,394275
20151026,0,428377,458408,416894,434560,273789
20151023,0,396581,437210,393930,433235,400627
20151022,0,360808,398346,357276,382448,394828
20151021,0,362574,380681,358158,358599,214696
20151020,0,339168,366550,334752,364342,255441
20151019,0,337843,340935,329893,336076,98210
20151016,0,318853,339610,318853,333428,238401
20151015,0,304721,311346,302954,310904,74149
20151014,0,300305,307813,296330,305604,95834
20151013,0,306046,313113,297214,303397,115256
20151012,0,309137,315763,302954,305604,106102
20151008,0,313995,320179,311346,313113,123484
20151007,0,324153,326361,297655,309137,259697
20151006,0,346676,347559,325919,328570,130473
20151005,0,331660,347559,330777,340935,130871
20151002,0,330336,333428,322828,324153,63707
20151001,0,335193,335193,327244,328127,85978
20150930,0,323269,332102,317970,328127,186101
20150925,0,355949,356391,335193,339168,163402
20150924,0,371407,377148,355509,355949,124310
20150923,0,354182,379357,352859,364342,201146
20150922,0,348885,358599,345793,352859,127139
20150921,0,345352,359483,340052,354626,177227
20150918,0,327244,358158,322828,350209,516536
20150917,0,312230,317087,305163,313995,143864
20150916,0,300747,310904,296330,309579,205880
20150915,0,287939,299421,287057,294122,155400
20150914,0,303397,304280,283523,285290,181087
20150911,0,295005,306488,292356,306488,183017
20150910,0,288381,302954,281757,296771,214667
20150909,0,290589,301630,282641,294122,322701
20150908,0,327244,329011,275574,280432,620643
20150907,0,322828,340052,316203,328127,197737
20150904,0,372732,374057,315321,325036,419011
20150903,0,375382,385098,369199,370524,139392
20150902,0,371848,383772,366108,370966,171206
20150901,0,378474,392605,373175,384655,198488
20150831,0,366108,384214,359042,384214,170780
20150828,0,381123,384214,355949,369199,266410
20150827,0,388631,392605,369199,373175,209012
20150826,0,355949,385539,353300,384214,266891
20150825,0,355067,365224,345352,358158,212710
20150824,0,350651,359042,344468,348885,186242
20150821,0,317529,361692,315321,346235,394426
20150820,0,317970,341376,317529,329011,210097
20150819,0,332985,335636,295005,323711,311413
20150818,0,344909,351092,335636,336519,131577
20150817,0,353300,354182,338726,339168,120330
20150813,0,336960,355067,327244,350651,208029
20150812,0,350651,357276,323269,336076,307259
20150811,0,385539,385539,352859,355067,167819
20150810,0,385981,393047,376707,376707,142122
20150807,0,375382,385539,369199,381565,211645
20150806,0,362133,400996,359483,385098,588168
20150805,0,336960,356391,333869,352417,291351
20150804,0,328570,346235,327244,346235,343168
20150803,0,347559,356391,327244,330777,311805
20150731,0,348885,363015,337843,353300,592710
20150730,0,385981,398346,347559,348001,959055
20150729,0,523769,535251,382448,393047,1251860
20150728,0,441627,484905,441627,481373,287271
20150727,0,476072,479605,443392,453992,196034
20150724,0,475189,491088,469007,488438,155148
20150723,0,468124,473422,460175,469890,98712
20150722,0,457525,474306,448692,459291,131700
20150721,0,479605,481373,453992,455758,155530
20150720,0,474306,484905,470772,476072,97663
20150717,0,477839,489321,467241,478723,154592
20150716,0,487555,494621,475189,475189,189814
20150715,0,508753,525536,497270,498154,243923
20150714,0,491088,504337,476072,500804,231328
20150713,0,483138,493738,467241,484905,319554
20150710,0,492855,515819,457525,494621,551762
20150709,0,410712,471657,408946,471657,448930
20150708,0,396137,425727,369199,417336,443136
20150707,0,453108,485789,360366,394372,644789
20150706,0,446043,475189,441184,442509,186466
20150703,0,467241,477839,453992,459291,132723
20150702,0,470772,493738,453108,461940,343655
20150701,0,415570,453992,410712,452225,286271
20150630,0,395696,412478,388631,412478,178549
20150629,0,405413,418220,399230,400996,138400
20150626,0,436326,440301,418220,422193,183129
20150625,0,401880,437210,400996,427936,285320
20150624,0,400554,406297,397904,401438,61987
20150623,0,398346,408505,393047,398787,79517
20150622,0,410712,414687,396581,398346,100792
20150619,0,415128,422636,399230,410712,125546
20150618,0,397464,412920,389514,410712,173027
20150617,0,403204,404088,389514,393488,123931
20150616,0,414687,414687,389514,397022,207062
20150615,0,413361,432353,403647,405413,158364
20150612,0,431026,453992,412478,416894,369942
20150611,0,393488,440742,385098,424844,438467
20150610,0,400113,400113,373175,388631,148618
20150609,0,393047,399672,383772,393047,109346
20150608,0,419103,419544,385539,388631,212087
20150605,0,373175,408062,371848,405413,352075
20150604,0,359483,374940,354626,373175,172656
20150603,0,373615,376265,355067,355949,201928
20150602,0,389514,412037,374057,375382,246181
20150601,0,366991,385981,358599,384214,225187
20150529,0,373615,383772,353741,363900,626178
20150528,0,379357,396137,370966,380681,225844
20150527,0,382448,388189,365665,377148,203515
20150526,0,393047,405854,386422,393047,121157
20150522,0,404529,406737,381123,392164,190770
20150521,0,407179,430586,400113,401438,200459
20150520,0,394372,412037,393488,406737,179580
20150519,0,405413,405854,385981,396137,144848
20150518,0,376265,403647,370524,396581,234590
20150515,0,382448,388189,369199,377148,149244
20150514,0,377590,396581,372732,378031,195426
20150513,0,357276,379798,349768,377590,235121
20150512,0,366550,366991,341818,348443,168415
20150511,0,340935,367432,335193,363015,255219
20150508,0,325036,338285,317970,331220,141043
20150507,0,317529,325477,301188,322828,225873
20150506,0,330777,333428,315321,319737,141708
20150504,0,333428,342259,322387,328127,146034
20150430,0,344468,350651,323269,333428,250666
20150429,0,317970,340493,316203,336519,320379
20150428,0,305604,318412,301630,313113,162594
20150427,0,306930,320179,304280,313554,210913
20150424,0,301188,313554,293681,302513,271881
20150423,0,324153,335193,298538,308696,511421
20150422,0,316203,346235,289706,317970,585445
20150421,0,322387,329893,308696,312671,283439
20150420,0,273366,313995,273366,313995,425964
20150417,0,267182,277782,264091,273366,190895
20150416,0,275574,288381,253493,268508,653249
20150415,0,232736,261000,231412,261000,419551
20150414,0,244219,245102,224786,226995,190699
20150413,0,246869,250401,238036,245984,97064
20150410,0,244660,252168,235386,245542,164437
20150409,0,230528,246869,226995,244660,186125
20150408,0,216837,234944,211980,230528,365724
20150407,0,199614,213304,199172,213304,136707
20150406,0,192990,204914,190340,201380,125382
20150403,0,201823,202264,189014,195640,99725
20150402,0,195640,203588,195198,199614,161450
20150401,0,195198,199172,187691,192548,235053
20150331,0,210213,212862,197406,200056,177978
20150330,0,210213,215512,201823,207121,206756
20150327,0,210654,226112,210213,213304,453665
20150326,0,215512,220813,204029,209771,424521
20150325,0,205796,226995,203147,226995,639708
20150324,0,193431,218162,193431,199614,1128773
20150323,0,208446,216397,193873,194314,952920
20150320,0,194314,211980,187248,211980,839501
20150319,0,184598,184598,176208,184598,828391
20150318,0,154568,163401,149268,160751,481417
20150317,0,139552,155009,138228,153243,513789
20150316,0,134695,142202,132487,139552,324601
20150313,0,131161,145294,126746,131603,606672
20150312,0,111730,126746,111289,126746,487959
20150311,0,105990,111730,103781,110406,156534
20150310,0,104222,109522,103781,105990,162214
20150309,0,100689,102456,98923,101131,46838
20150306,0,99365,101573,98039,101131,75044
20150305,0,94948,99806,94948,98039,46334
20150304,0,95830,98923,95389,95830,42125
20150303,0,91414,96715,91414,96715,58290
20150302,0,94507,94948,91857,92298,47317
20150227,0,94948,95389,93623,94948,22827
20150226,0,93623,95389,93623,94065,37832
20150225,0,99806,99806,92740,93623,98358
20150224,0,97157,98923,96274,98480,37111
20150223,0,96715,100247,96274,98923,59014
20150217,0,95830,98923,94948,97157,72712
20150216,0,92740,97157,91857,95830,94805
20150213,0,90091,93181,88765,93181,60211
20150212,0,91857,93623,88324,89648,62492
20150211,0,90091,91414,88765,91414,40990
20150210,0,91414,91414,89207,90091,32561
20150209,0,90091,91414,88765,90973,54659
20150206,0,88235,91414,88058,88765,67906
20150205,0,86116,87794,85144,87794,39374
20150204,0,85674,86204,84967,86027,30232
20150203,0,85056,86204,84791,85939,30591
20150202,0,85851,86735,84702,85056,33338
20150130,0,86556,87087,85939,86380,20804
20150129,0,87087,87970,85144,85674,51746
20150128,0,85674,87794,85674,87441,39358
20150127,0,88235,88765,84967,85586,57076
20150126,0,86910,88765,86910,88235,39256
20150123,0,89207,90091,86735,87087,68387
20150122,0,92740,92740,88324,89207,51911
20150121,0,91857,92740,89648,92298,49748
20150120,0,90532,93623,89648,90973,67399
20150119,0,90532,90973,88765,90532,34528
20150116,0,90091,91414,89648,90973,32066
20150115,0,90532,90532,88235,90091,32927
20150114,0,90973,91857,90091,90532,13970
20150113,0,89648,91414,88765,90973,28338
20150112,0,90532,91857,88765,89648,28303
20150109,0,89648,90532,88324,90091,27076
20150108,0,85674,89207,85233,89207,35312
20150107,0,86469,86822,84526,86204,35039
20150106,0,86204,87705,85321,86380,39875
20150105,0,87970,88765,85762,87263,44466
20150102,0,87970,89207,87970,89207,40396
20141230,0,87441,90091,85851,90091,56637
20141229,0,87353,89648,86645,88324,34248
20141226,0,85426,87529,85004,85847,57841
20141224,0,85847,88792,85426,87529,38009
20141223,0,88371,89633,85847,86689,63045
20141222,0,85847,88792,85426,88371,135986
20141219,0,82227,85004,81639,84584,96364
20141218,0,83322,83742,80796,81301,54745
20141217,0,80544,83742,80544,82985,59577
20141216,0,81386,81639,80375,81217,33854
20141215,0,78103,81806,78019,81386,78451
20141212,0,77934,79449,77262,78945,50335
20141211,0,76083,78103,75494,77851,36024
20141210,0,77262,78355,75998,76083,33376
20141209,0,77682,78608,76756,76840,21008
20141208,0,77262,79366,75915,77934,40344
20141205,0,76587,77599,76336,77345,19228
20141204,0,75998,76756,74906,76587,29805
20141203,0,75578,76252,74064,75662,37230
20141202,0,76587,76926,75410,75494,42018
20141201,0,79029,79029,76672,76672,34434
20141128,0,78608,79702,77682,79029,28767
20141127,0,78608,78945,77430,77851,35908
20141126,0,79535,81049,78777,79197,51861
20141125,0,79619,80375,78439,79535,55555
20141124,0,78777,80291,78525,79535,63784
20141121,0,77345,79449,76168,78439,86627
20141120,0,76840,77851,75831,76168,60463
20141119,0,75410,76926,74821,76840,44640
20141118,0,75494,77009,74989,75410,70039
20141117,0,72632,75915,72127,74989,73337
20141114,0,71707,72969,71622,72718,22183
20141113,0,71622,72548,71033,71622,35422
20141112,0,72718,73221,71538,71538,43255
20141111,0,72969,74064,72718,72801,38244
20141110,0,73474,73812,72465,73221,40695
20141107,0,73305,74064,72465,73474,40589
20141106,0,73558,74737,72801,73390,47512
20141105,0,74484,74484,72969,73812,60254
20141104,0,75325,75410,73895,74484,48195
20141103,0,70865,75746,70444,75578,103671
20141031,0,72884,72884,69855,71538,74306
20141030,0,72718,73221,71538,72296,34438
20141029,0,71117,73390,70949,73305,57127
20141028,0,71117,73558,70361,70528,75823
20141027,0,70276,71958,69855,70865,26146
20141024,0,71538,71538,69770,70276,41389
20141023,0,70444,71707,70024,70780,45854
20141022,0,70528,71117,70024,70444,40955
20141021,0,71791,72044,69855,70108,70964
20141020,0,72296,72969,71538,71874,29254
20141017,0,74147,75746,70949,71622,81314
20141016,0,71117,73978,70024,73812,51730
20141015,0,73138,73558,70949,71370,39002
20141014,0,72548,73812,71622,72632,27080
20141013,0,72632,73390,71202,72632,40027
20141010,0,73895,73895,72380,73305,37351
20141008,0,72718,73390,71707,73390,19482
20141007,0,74231,74231,72465,72718,22538
20141006,0,72380,74064,69770,73812,60400
20141002,0,70865,72801,70612,72380,49458
20141001,0,72718,73390,71370,71791,47301
20140930,0,70697,74400,70697,73474,51652
20140929,0,73053,74400,71370,71370,59529
20140926,0,74906,75998,73221,73558,69165
20140925,0,80123,80291,74989,75158,197268
20140924,0,79955,81722,79535,80965,57313
20140923,0,82480,82900,80039,80713,102295
20140922,0,82563,83910,81134,83406,69468
20140919,0,82227,83910,81469,82985,75930
20140918,0,85004,85004,81892,82227,92286
20140917,0,84163,85004,83826,83910,47518
20140916,0,84584,86267,83658,83826,132381
20140915,0,79955,84584,79619,83995,257030
20140912,0,78272,79282,76587,79112,49196
20140911,0,78272,79449,77430,78187,33575
20140905,0,78103,79366,77430,78187,43908
20140904,0,77682,78693,76840,78103,36863
20140903,0,80039,80123,77599,77934,51448
20140902,0,76252,80123,76083,79366,78218
20140901,0,78187,78187,74821,76083,52726
20140829,0,78777,79112,76840,78187,38743
20140828,0,77934,80123,77851,78355,90233
20140827,0,78525,79366,77092,78187,78068
20140826,0,75831,78693,74989,78103,159786
20140825,0,68930,76252,68761,75915,213556
20140822,0,68088,68677,67920,68677,63566
20140821,0,68761,69350,67583,68004,64277
20140820,0,67920,68677,67414,67751,74298
20140819,0,68761,69182,68004,68257,63202
20140818,0,70528,70528,68257,69013,71257
20140814,0,68930,71033,68845,69938,44991
20140813,0,68845,69855,68257,69350,41255
20140812,0,70108,70108,68340,69098,67357
20140811,0,68170,70949,67161,70528,78640
20140808,0,67751,68845,66656,68257,67977
20140807,0,67667,69350,67498,67751,70557
20140806,0,68930,70276,67246,69687,124560
20140805,0,69434,69687,68761,69013,72516
20140804,0,71538,71622,69265,69434,118075
20140801,0,73558,73642,71202,71455,128875
20140731,0,77345,77682,70780,73558,170443
20140730,0,78103,78693,77092,77765,52403
20140729,0,80375,80628,77430,77599,120089
20140728,0,80628,80881,80207,80460,31346
20140725,0,80039,80796,79366,80207,39776
20140724,0,80039,80460,79366,80039,44734
20140723,0,80628,80628,79366,80039,45496
20140722,0,80713,81049,79197,80628,41558
20140721,0,80123,80460,79197,79872,39230
20140718,0,79955,80796,79112,80039,53332
20140717,0,78860,80291,78019,80207,50305
20140716,0,78777,79535,78777,78860,29374
20140715,0,78777,79872,78608,79029,27159
20140714,0,78860,79449,77934,78355,40933
20140711,0,78945,79366,77599,78693,59141
20140710,0,78608,80039,77430,79702,75071
20140709,0,79282,79282,77851,77851,58664
20140708,0,80965,80965,78355,78608,73900
20140707,0,81134,81217,79282,80628,54079
20140704,0,82563,82985,80460,80713,54789
20140703,0,83322,84584,82480,82480,34695
20140702,0,84079,84584,83069,83069,46392
20140701,0,85426,85847,83910,83910,38760
20140630,0,87529,87951,85004,85004,45720
20140627,0,83826,87109,83406,87109,37234
20140626,0,84163,85004,83826,84163,26042
20140625,0,83574,85847,83574,84163,32461
20140624,0,82816,84584,82312,83910,32629
20140623,0,85426,85426,82227,82480,34475
20140620,0,84079,85847,83153,85426,51188
20140619,0,84584,85426,83995,83995,37433
20140618,0,84584,85004,83910,83910,30255
20140617,0,85426,85847,84584,85426,22367
20140616,0,86689,86689,83995,86689,23494
20140613,0,86267,86267,84079,85426,36074
20140612,0,83406,86267,83406,86267,32557
20140611,0,84584,84584,82733,84584,47701
20140610,0,84584,85426,83910,85004,33349
20140609,0,78187,84584,78187,83910,72823
20140605,0,81639,82647,77934,78187,127805
20140603,0,84584,85004,81892,82816,63695
20140602,0,87951,88371,84163,84584,67928
20140530,0,89213,90055,87529,87529,23267
20140529,0,89213,90055,88371,88792,18594
20140528,0,87951,90476,87951,89633,25029
20140527,0,89633,90476,87109,87951,41102
20140526,0,91738,92580,89633,89633,50431
20140523,0,93001,93420,91738,92159,30642
20140522,0,93420,94264,92159,92580,29326
20140521,0,92159,94264,91316,94264,28869
20140520,0,93843,93843,91738,92159,48838
20140519,0,96368,96368,93843,93843,35942
20140516,0,96368,96787,95104,95946,24787
20140515,0,96368,97208,95946,96368,29059
20140514,0,96787,97630,96368,97208,25003
20140513,0,97630,97630,96368,97208,23480
20140512,0,96368,97630,95525,96787,18342
20140509,0,96368,97630,95525,96787,41010
20140508,0,95946,96787,94264,95946,47770
20140507,0,97208,97630,95104,96787,28352
20140502,0,97630,98050,96787,97630,24793
20140430,0,98472,99313,97630,98050,35209
20140429,0,98891,99733,97630,98891,49119
20140428,0,94683,98050,94264,98050,62972
20140425,0,93843,95104,93420,93843,34703
20140424,0,94264,95104,93843,94264,22063
20140423,0,95104,95525,93001,94264,61862
20140422,0,96368,96787,93843,94683,95825
20140421,0,96368,96787,95104,96787,25421
20140418,0,94683,96368,94683,96368,38639
20140417,0,94264,95525,93843,95104,30531
20140416,0,94264,94683,93001,93843,29348
20140415,0,97208,97630,93420,94264,98973
20140414,0,98472,99313,97208,97630,26854
20140411,0,98472,98891,97630,98472,45024
20140410,0,98472,100575,98050,100155,40645
20140409,0,98050,98891,96368,98472,40729
20140408,0,97630,98472,97208,97630,28027
20140407,0,98472,99313,97208,98472,27979
20140404,0,97208,99313,96368,98050,57979
20140403,0,98472,98891,95525,96368,77231
20140402,0,99313,99733,98050,98472,54359
20140401,0,96787,99313,96787,98472,111180
20140331,0,102679,103100,95525,95946,213363
20140328,0,103100,104785,102259,104362,28680
20140327,0,103100,103942,101418,103521,52966
20140326,0,103100,106047,103100,104362,42228
20140325,0,103942,105204,100575,102259,75600
20140324,0,111095,111938,103521,104362,151002
20140321,0,114042,114882,110675,110675,21751
20140320,0,114042,115725,113201,113201,16422
20140319,0,116146,118670,114463,114882,42741
20140318,0,114882,115725,112359,115304,27405
20140317,0,116146,116146,113201,113621,38461
20140314,0,112779,116988,111516,114463,58602
20140313,0,112359,114042,110675,114042,25070
20140312,0,111938,113621,111516,112359,24016
20140311,0,109834,113621,109834,112779,28589
20140310,0,111938,112359,109834,109834,13298
20140307,0,111938,113621,111516,111938,25594
20140306,0,110255,113201,110255,111938,39095
20140305,0,111516,112779,109413,110255,34573
20140304,0,112779,114042,110255,110675,28000
20140303,0,113201,114882,110675,114463,39026
20140228,0,113201,115725,112359,114882,33711
20140227,0,112779,114882,112359,114463,32266
20140226,0,108992,114042,108572,114042,52619
20140225,0,110675,110675,108992,108992,20073
20140224,0,111516,111938,109834,109834,20524
20140221,0,109834,111516,109413,111095,29338
20140220,0,112779,113621,109834,110255,30615
20140219,0,113621,115725,113621,113621,29260
20140218,0,109834,114463,109834,114463,46156
20140217,0,111938,111938,108992,110255,26906
20140214,0,114463,115304,111095,111095,32224
20140213,0,114882,116146,114042,114882,25421
20140212,0,114882,114882,112779,113621,20283
20140211,0,116567,116567,112359,113621,30366
20140210,0,118670,119933,115725,116146,20031
20140207,0,113743,117764,113743,116558,47331
20140206,0,115755,115755,113342,114548,37867
20140205,0,113743,115755,110931,114548,68320
20140204,0,111332,113342,110931,112539,46513
20140203,0,112539,114147,110126,112539,28647
20140129,0,112539,114147,111332,112940,42995
20140128,0,110126,113342,109725,111734,94675
20140127,0,107715,110126,107715,107715,31969
20140124,0,106509,110528,105704,110126,56244
20140123,0,108519,108920,105303,106910,45922
20140122,0,110931,110931,108519,109725,36918
20140121,0,110528,111734,108116,111332,64367
20140120,0,106106,111332,106106,110528,84101
20140117,0,104499,106106,103694,106106,32654
20140116,0,104499,106509,103694,104097,36607
20140115,0,104499,106509,104499,105303,25752
20140114,0,104499,105704,103294,104097,54357
20140113,0,103694,107312,102490,104097,45983
20140110,0,102088,104901,102088,103294,36966
20140109,0,103694,104499,102490,102891,40039
20140108,0,100480,105303,100480,104499,81659
20140107,0,92039,104097,92039,101284,148946
20140106,0,89227,93245,88422,92844,55456
20140103,0,89628,90030,87217,88422,28860
20140102,0,90834,90834,89227,89227,15393
20131230,0,90030,91236,88422,91236,35062
20131227,0,89628,91637,89227,90834,21288
20131226,0,90834,91637,90432,90834,26986
20131224,0,88824,91637,88422,90834,25146
20131223,0,92844,92844,87618,89628,93772
20131220,0,93245,94049,92442,92442,15137
20131219,0,92844,93245,90834,93245,12186
20131218,0,92442,92442,89628,92442,24599
20131217,0,94049,94452,91236,91236,16793
20131216,0,97265,97265,92844,92844,28301
20131213,0,94108,96852,94108,96459,34314
20131212,0,97636,99204,94891,94891,47464
20131211,0,95674,99597,95674,98421,30852
20131210,0,94499,96852,94499,96852,25416
20131209,0,96067,96067,90969,94891,36784
20131206,0,98421,99597,94499,94499,40530
20131205,0,98812,99988,98029,99597,18106
20131204,0,97636,100381,97636,99597,23063
20131203,0,98812,100381,97244,99204,27311
20131202,0,101166,101166,98029,99597,67477
20131129,0,92146,97636,91755,97636,246473
20131128,0,102733,103125,99597,99597,52743
20131127,0,101950,102733,100773,102340,27224
20131126,0,101557,102340,99988,101166,33283
20131125,0,98029,102733,98029,102340,45719
20131122,0,97636,98812,95674,98421,23571
20131121,0,98421,98812,96067,97244,27124
20131120,0,98421,100381,97636,98421,27127
20131119,0,97636,100381,97244,98421,52897
20131118,0,95674,101166,95283,98029,69054
20131115,0,92539,95674,92539,95674,39658
20131114,0,92146,96067,92146,93322,55603
20131113,0,91362,94108,90969,92931,37834
20131112,0,87832,93715,87832,92146,40635
20131111,0,91362,92146,87832,88616,51353
20131108,0,92931,94499,91755,92146,61056
20131107,0,94891,96459,93322,94499,28002
20131106,0,95674,95674,94108,94499,36174
20131105,0,98812,99597,94499,95674,75027
20131104,0,99597,99988,97244,99204,32667
20131101,0,101950,103125,96852,99204,118715
20131031,0,102340,103517,100381,101166,71048
20131030,0,105871,108224,101166,101557,106127
20131029,0,104695,106262,104695,105480,20175
20131028,0,105087,105871,103517,104695,23393
20131025,0,106262,106262,104301,105087,26949
20131024,0,105480,106655,103125,106262,56137
20131023,0,106262,106655,104695,105480,36515
20131022,0,105480,105871,103910,105087,63421
20131021,0,104695,106655,103125,104301,59362
20131018,0,103910,106262,102340,104695,65053
20131017,0,109008,109792,104301,104695,66715
20131016,0,110968,111361,108224,108615,26745
20131015,0,108615,111361,108615,110968,21066
20131014,0,109008,109792,107439,108615,24248
20131011,0,110183,110575,108615,109792,28794
20131010,0,111753,112929,108615,109008,47834
20131008,0,112145,112538,110575,112145,22786
20131007,0,114104,114497,111361,112929,36476
20131004,0,114889,115673,112538,113321,30781
20131002,0,113715,115673,112929,115282,48934
20131001,0,112929,114497,111753,112145,28899
20130930,0,113715,116066,112929,112929,52946
20130927,0,113715,116066,111753,114497,65165
20130926,0,112538,116066,111753,114104,63095
20130925,0,111361,113715,110575,113321,82018
20130924,0,107047,110968,106655,110575,73421
20130923,0,106262,107831,105480,107831,40019
20130917,0,108615,108615,104695,106262,76142
20130916,0,111753,112538,107831,108224,71666
20130913,0,111361,111753,110183,111361,49818
20130912,0,107831,111361,106262,111361,81624
20130911,0,104695,107047,104301,106655,67926
20130910,0,105480,106655,103910,103910,74075
20130909,0,107439,109792,105480,105871,63433
20130906,0,110575,110575,106655,108224,47736
20130905,0,108615,111361,107831,110968,28097
20130904,0,110183,111361,106655,108615,44404
20130903,0,109400,111753,108224,110575,60577
20130902,0,104695,109008,103517,109008,48531
20130830,0,108224,109008,104301,104301,71164
20130829,0,107439,109400,106655,108224,47579
20130828,0,103517,109008,103517,108224,40247
20130827,0,110183,112538,104695,107439,110851
20130826,0,111753,112145,109008,111361,45135
20130823,0,110575,113715,110183,110575,60759
20130822,0,110183,110968,106655,109400,83980
20130821,0,116458,116458,110183,112929,73649
20130820,0,117634,119595,115673,115673,69131
20130819,0,119986,119986,118027,118419,44181
20130816,0,118419,120380,118027,119595,46524
20130814,0,120773,122340,119203,120380,58609
20130813,0,121947,123125,118027,120773,97363
20130812,0,125085,126261,120773,121947,62383
20130809,0,127830,129399,126261,126261,71549
20130808,0,125085,128614,123125,128221,96830
20130807,0,129006,133320,123907,125085,187679
20130806,0,121163,123516,120380,121556,65707
20130805,0,121163,122732,119595,120773,54033
20130802,0,119595,121556,118027,119595,105490
20130801,0,131358,131358,118811,119595,337047
20130731,0,127046,134497,126261,131750,80701
20130730,0,127830,127830,125085,126653,35777
20130729,0,123125,127439,122732,127046,56316
20130726,0,121163,123125,119595,122732,33728
20130725,0,121556,122732,119595,119986,28028
20130724,0,121947,123125,119203,120773,41444
20130723,0,123907,125085,122340,122732,25803
20130722,0,121947,125085,121556,123907,77089
20130719,0,120773,121163,117242,119986,55993
20130718,0,114497,120773,114104,119595,99139
20130717,0,113321,114889,110968,114104,62957
20130716,0,115282,115282,112538,112538,34654
20130715,0,113715,114889,110968,114889,53944
20130712,0,113715,114497,110968,113715,40810
20130711,0,113715,115282,112929,113715,36861
20130710,0,110183,113321,109792,113321,37287
20130709,0,111753,112929,107831,110183,58108
20130708,0,118027,118419,109008,110968,90928
20130705,0,116458,119203,116066,118027,52695
20130704,0,119986,120380,114497,115282,65562
20130703,0,119986,120773,118027,119595,31182
20130702,0,118419,120773,116066,120773,49674
20130701,0,118811,120380,116849,119595,35437
20130628,0,116849,120380,116066,118419,87792
20130627,0,116458,119595,112929,115673,99078
20130626,0,122340,122340,112145,116458,90349
20130625,0,124300,125869,118027,120380,59234
20130624,0,126653,127439,123907,123907,29145
20130621,0,124300,126653,123125,125869,37188
20130620,0,130966,130966,127046,127830,47930
20130619,0,131750,132928,129790,131358,32429
20130618,0,134104,134104,130574,131750,31467
20130617,0,133320,134887,129790,132928,44732
20130614,0,136064,136849,132143,133320,35401
20130613,0,131750,136064,128614,136064,68762
20130612,0,127439,134887,126261,132143,67749
20130611,0,121947,128614,121947,127830,57878
20130610,0,121556,126653,121163,122340,52669
20130607,0,124300,125478,121556,121556,39345
20130605,0,122340,125869,121556,123907,62707
20130604,0,132928,133320,121947,123907,128908
20130603,0,132535,135279,130966,132143,28606
20130531,0,132535,136064,129399,133320,48046
20130530,0,135279,135671,129006,132143,60257
20130529,0,136457,137241,134104,135279,35953
20130528,0,131358,136849,130183,135671,72861
20130527,0,131358,132928,128614,130966,28837
20130524,0,129399,131358,127439,130966,22309
20130523,0,130574,132143,128221,128221,45353
20130522,0,132143,133320,129006,129399,58195
20130521,0,128221,130966,126261,130574,47558
20130520,0,130183,131358,125085,128614,81123
20130516,0,132143,133712,130183,131750,39162
20130515,0,132535,132928,129790,132928,26854
20130514,0,134887,135279,129006,132535,67011
20130513,0,134887,135671,130574,134104,36762
20130510,0,135279,138417,134104,135671,45713
20130509,0,140378,140378,134497,134887,45837
20130508,0,138417,139201,136849,139201,34615
20130507,0,136457,138809,134887,138417,47269
20130506,0,142337,142337,135279,135671,106229
20130503,0,129790,141163,129790,141163,151872
20130502,0,127046,130183,126653,129399,54039
20130430,0,128614,129790,126261,127439,59244
20130429,0,125085,128614,124300,128221,61155
20130426,0,123907,125085,123125,125085,41912
20130425,0,125085,125869,122732,125085,38120
20130424,0,127439,127439,124300,124300,49767
20130423,0,125085,127439,124692,126261,32999
20130422,0,120773,126261,120773,125869,42862
20130419,0,125869,126653,120773,121556,67343
20130418,0,124692,127046,124300,126261,36200
20130417,0,128221,129006,124300,125478,49596
20130416,0,127830,129790,125869,127046,79384
20130415,0,129790,129790,126653,128614,44269
20130412,0,128221,131358,127046,127830,61500
20130411,0,121947,129006,121556,128221,83423
20130410,0,121556,124300,118811,120773,48455
20130409,0,118811,123125,115282,120773,114997
20130408,0,123125,124692,117634,118811,82393
20130405,0,127046,129399,123907,124300,44424
20130404,0,129006,129790,125869,127046,55512
20130403,0,131750,132928,128614,130183,75905
20130402,0,129790,132928,128221,132928,61771
20130401,0,130966,131750,128221,129790,28810
20130329,0,125869,132928,125478,130574,91244
20130328,0,123907,126261,123125,125869,30286
20130327,0,123125,124300,120773,123125,47524
20130326,0,123516,124692,121556,122732,26949
20130325,0,125869,125869,121947,123125,37638
20130322,0,120773,126261,120773,125478,44073
20130321,0,123907,124692,120380,121163,37473
20130320,0,129006,129006,123125,123125,48774
20130319,0,124692,129399,123907,128614,34094
20130318,0,124692,127046,122732,122732,21809
20130315,0,127046,128614,125085,125085,39562
20130314,0,127046,127830,125478,127830,21700
20130313,0,127046,129399,126261,127439,31516
20130312,0,129399,130574,125478,127046,55544
20130311,0,122340,129006,121163,128614,61423
20130308,0,119986,123907,118811,123125,53571
20130307,0,118811,122732,118419,120380,28379
20130306,0,123907,125478,119986,119986,47110
20130305,0,119986,123907,119986,123125,44534
20130304,0,118419,124300,118027,119203,43035
20130228,0,119595,119595,117242,119203,42033
20130227,0,117242,119986,114889,119203,57128
20130226,0,112145,118027,110968,117242,74471
20130225,0,110183,112538,109008,111753,50923
20130222,0,106262,110575,106262,110183,52256
20130221,0,107439,108615,105480,105871,30452
20130220,0,106655,107831,105480,107047,47189
20130219,0,107439,108224,105480,106655,41282
20130218,0,108224,108224,105087,107439,37510
20130215,0,105871,108224,105480,108224,34305
20130214,0,104695,106262,101950,105087,84000
20130213,0,103910,106262,103910,105087,37150
20130212,0,106655,107047,103910,104301,54479
20130208,0,111361,111361,106655,107831,96336
20130207,0,109008,111753,107831,111361,74277
20130206,0,108224,109400,107047,109008,29805
20130205,0,107439,108615,103125,108615,48828
20130204,0,109008,110968,107439,108224,49463
20130201,0,108224,109792,107047,107831,44973
20130131,0,110575,110575,108224,108224,37533
20130130,0,105871,111361,105480,110575,93924
20130129,0,103910,106655,103125,105480,28792
20130128,0,107439,107831,104301,104301,27047
20130125,0,105087,107047,103517,106655,54927
20130124,0,105087,106655,98812,105087,94130
20130123,0,106262,106655,104695,105871,42608
20130122,0,106262,107047,104301,105480,41198
20130121,0,108224,108224,104695,107047,29271
20130118,0,107047,108615,105871,107439,24951
20130117,0,108224,108224,104695,107831,26899
20130116,0,105871,108615,105480,106655,32080
20130115,0,107831,109400,105871,105871,51479
20130114,0,110183,112145,107831,108615,66018
20130111,0,109008,110183,106655,110183,69439
20130110,0,110575,110968,105871,108615,65861
20130109,0,106262,109792,104301,109008,71158
20130108,0,106655,109400,105087,105480,70561
20130107,0,100381,107831,99988,106655,106318
20130104,0,95283,99597,94108,99597,71970
20130103,0,95674,96067,92539,95283,69397
20130102,0,95283,96852,94108,94891,36496
20121228,0,95674,98421,94108,94499,44378
20121227,0,93322,95674,91755,94891,30276
20121226,0,89862,93980,88739,91360,84325
20121224,0,91734,93606,90611,90611,25963
20121221,0,91360,93232,86866,91734,93740
20121220,0,91734,94356,89862,90611,47284
20121218,0,89113,92858,89113,91734,42300
20121217,0,94729,94729,88364,88364,76317
20121214,0,92484,93606,84995,93606,96376
20121213,0,87241,92484,87241,92484,60006
20121212,0,83871,89862,83122,87241,62658
20121211,0,87241,87615,82374,82374,56634
20121210,0,86491,88739,84995,88364,35658
20121207,0,89488,90611,83122,87615,57689
20121206,0,92110,93232,88364,88364,80898
20121205,0,92484,94729,92110,93232,33407
20121204,0,89113,92858,88364,92110,28563
20121203,0,91360,92858,89113,89113,29918
20121130,0,89862,92484,89488,92484,18458
20121129,0,85368,90611,85368,90611,62433
20121128,0,86491,88739,84620,85368,58289
20121127,0,93606,95103,84995,84995,111667
20121126,0,93232,97727,93232,93232,26370
20121123,0,93980,95103,89862,93232,47622
20121122,0,97351,97351,93606,94356,34535
20121121,0,96228,97351,95477,96976,40883
20121120,0,94356,96976,91734,96976,66982
20121119,0,91734,92858,88364,92858,49655
20121116,0,89862,90611,83497,90611,85166
20121115,0,86866,90611,86491,89488,80844
20121114,0,92110,93606,87989,88364,107173
20121113,0,98475,98475,92110,92110,78489
20121112,0,91734,97351,89488,96976,81259
20121109,0,87241,92110,87241,90611,45571
20121108,0,85744,91360,85368,88364,72230
20121107,0,86866,88364,84246,86117,62144
20121106,0,89488,90611,86491,87615,78725
20121105,0,85368,88739,84246,88364,85545
20121102,0,83497,86491,82374,83871,53208
20121101,0,82747,86117,79751,84620,79222
20121031,0,79378,83871,79378,82747,79952
20121030,0,77131,79751,74885,78629,114860
20121029,0,76008,79003,74062,75632,54204
20121026,0,76381,76756,73012,76008,54776
20121025,0,76756,82747,75632,76756,106784
20121024,0,71665,77131,71665,77131,108675
20121023,0,71216,73238,70765,72488,38403
20121022,0,70017,72339,69642,71814,31821
20121019,0,71289,72564,67396,71065,40189
20121018,0,73835,74510,71065,71514,35016
20121017,0,74885,74885,73312,74659,43633
20121016,0,72787,74735,70841,74735,56130
20121015,0,72339,74885,70317,72787,81531
20121012,0,65972,72189,65972,71665,103798
20121011,0,66422,67246,65450,65749,39052
20121010,0,65972,68444,64999,67694,39015
20121009,0,66273,66572,65223,66048,36428
20121008,0,66497,67920,65672,66870,33531
20121005,0,66422,68144,66347,67246,52710
20121004,0,67770,68444,66422,66797,42250
20121002,0,70167,70167,67694,67770,32139
20120928,0,67770,70167,67098,70167,28114
20120927,0,68144,68818,66572,68519,23158
20120926,0,67396,68892,66422,68818,37310
20120925,0,68892,69941,68296,68519,19167
20120924,0,70091,71440,68594,68892,27993
20120921,0,70466,71889,68368,70390,44658
20120920,0,67171,71139,67171,70991,44333
20120919,0,65373,68144,65223,68144,46000
20120918,0,64551,66722,63726,66198,35495
20120917,0,66648,66722,63800,64473,60210
20120914,0,66797,68144,66122,67171,48408
20120913,0,64625,66797,64250,66797,35054
20120912,0,64701,65672,64100,64999,33600
20120911,0,64924,66122,64250,65148,16505
20120910,0,66122,66572,65223,65450,18929
20120907,0,64701,66048,64473,66048,27315
20120906,0,64400,65300,64100,64701,17700
20120905,0,64924,65300,63650,64999,33215
20120904,0,62079,65373,62079,65300,49945
20120903,0,61704,63800,60880,62603,30708
20120831,0,61405,62451,60880,61405,19777
20120830,0,61704,61929,60057,61704,34226
20120829,0,62229,62229,60880,61853,30777
20120828,0,60806,62603,60806,61929,42908
20120827,0,61704,61779,60432,61330,36800
20120824,0,60356,61779,59982,61330,52670
20120823,0,62528,62828,60731,60880,49197
20120822,0,61704,62379,59907,62379,66115
20120821,0,63650,63726,60132,61405,112814
20120820,0,66122,66122,62451,63277,54148
20120817,0,65672,66122,65223,65899,27666
20120816,0,62978,66048,62902,66048,55646
20120814,0,64774,64774,63126,63577,31914
20120813,0,63650,65075,63650,64400,32192
20120810,0,62153,65223,61929,64400,43435
20120809,0,62752,63577,61853,62079,36428
20120808,0,61630,62678,61405,62678,102209
20120807,0,60132,61704,59007,61704,34064
20120806,0,60282,61480,60132,60581,19524
20120803,0,61181,61480,60432,60581,8284
20120802,0,60655,61405,59757,61181,10597
20120801,0,61330,61405,60057,60057,22099
20120731,0,59832,61405,58785,61031,41123
20120730,0,59832,59907,59159,59907,13343
20120727,0,59683,59832,58410,59832,31286
20120726,0,57884,59832,57884,58934,27822
20120725,0,56686,59007,54889,58859,57358
20120724,0,56386,58035,55489,57434,42363
20120723,0,56236,57510,55039,57286,150527
20120720,0,54215,56162,53840,56088,81850
20120719,0,53092,53991,52343,53991,23367
20120718,0,51745,53167,51520,52119,12311
20120717,0,51520,52194,51370,52194,16718
20120716,0,50770,52043,50396,51370,17701
20120713,0,53167,53167,51294,51370,27215
20120712,0,53766,53766,52419,52419,14261
20120711,0,51444,53617,51444,53542,33112
20120710,0,51294,52269,51145,52043,19111
20120709,0,51595,51970,50695,51820,10089
20120706,0,50396,51520,50396,50921,4948
20120705,0,50620,51444,50321,50770,10342
20120704,0,51745,52269,50620,50844,19045
20120703,0,51670,52492,50695,52343,40684
20120702,0,49198,51595,48822,51520,37307
20120629,0,49272,50470,48973,49722,31004
20120628,0,49572,50470,49049,49872,17879
20120627,0,50470,50470,49496,50171,20579
20120626,0,50321,50770,48674,49946,38837
20120625,0,50247,50620,49272,50247,32580
20120622,0,49423,50021,47624,49797,56381
20120621,0,47624,50171,46576,49797,113285
20120620,0,46278,47402,45305,47176,91842
20120619,0,44554,45977,44331,45528,48048
20120618,0,43283,44930,42307,44854,129139
20120615,0,40362,43656,40211,43283,73738
20120614,0,40511,40959,40062,40062,77845
20120613,0,40362,40959,39762,40586,23641
20120612,0,40586,40811,39837,40362,30928
20120611,0,41935,41935,40736,40886,20618
20120608,0,41709,41935,40736,41709,46738
20120607,0,40736,41935,40586,41709,41783
20120605,0,39312,40886,39239,40437,35011
20120604,0,38189,39837,38040,39837,18044
20120601,0,38189,39014,38189,39014,20904
20120531,0,38489,38789,38189,38189,24775
20120530,0,39462,39462,38564,38864,86752
20120529,0,38414,39538,38414,39388,10516
20120525,0,39312,39388,38564,38937,28205
20120524,0,39312,39538,37738,39312,46403
20120523,0,39986,39986,39164,39239,13478
20120522,0,38937,40586,38864,39688,55826
20120521,0,40362,40736,38189,38564,42336
20120518,0,41110,41334,40062,40062,8846
20120517,0,41634,41709,40511,41110,5971
20120516,0,41857,41857,40511,41110,18847
20120515,0,42682,42757,41709,41709,11623
20120514,0,42982,43656,42682,43132,9939
20120511,0,43806,44030,42384,43432,32136
20120510,0,44854,44854,43432,44030,12440
20120509,0,44181,44930,43355,44930,25412
20120508,0,44255,44854,43355,44481,19949
20120507,0,44930,45005,43355,44930,16662
20120504,0,45155,45528,44481,44854,11462
20120503,0,44631,45678,44631,45155,18008
20120502,0,45078,45227,44181,45155,9795
20120430,0,44704,45455,42682,45078,38938
20120427,0,46952,46952,44930,44930,29353
20120426,0,47550,47624,46053,47027,25936
20120425,0,46653,47624,46576,47326,39763
20120424,0,45977,46802,45378,46653,19578
20120423,0,46053,46352,45378,46053,23312
20120420,0,45678,45977,45305,45977,19467
20120419,0,45378,45753,44854,45678,16450
20120418,0,44930,45603,44704,45378,12974
20120417,0,45603,45603,44631,45227,13847
20120416,0,45678,45903,45305,45603,14460
20120413,0,45305,45753,45155,45678,6616
20120412,0,44631,45829,44631,45528,14194
20120410,0,43806,45378,43806,44854,16040
20120409,0,43956,44631,43731,44181,8867
20120406,0,44481,44930,43880,44631,10797
20120405,0,44554,45005,43432,44481,11671
20120404,0,45977,45977,44105,44255,34960
20120403,0,44930,46278,44854,46127,42028
20120402,0,45455,46053,44930,45753,34323
20120330,0,44704,45678,44030,45155,43576
20120329,0,44181,44930,43731,44404,37349
20120328,0,42533,44704,42307,43956,83160
20120327,0,41036,42307,41036,41935,28662
20120326,0,40959,41559,40511,40959,13986
20120323,0,40660,41260,40286,41185,18933
20120322,0,40286,41110,40062,41110,13023
20120321,0,40811,40886,40286,40362,12791
20120320,0,40959,41185,40511,40811,12303
20120319,0,40959,41334,40811,41110,11919
20120316,0,41484,41484,40959,40959,15034
20120315,0,41634,41785,41036,41484,31978
20120314,0,42158,42533,41484,41709,30727
20120313,0,42084,42607,41484,42233,22446
20120312,0,42533,43057,42008,42158,11110
20120309,0,42307,42832,42008,42607,16656
20120308,0,42607,42682,42084,42307,16890
20120307,0,42832,42907,42307,42384,20930
20120306,0,43582,43582,42533,43057,21742
20120305,0,43880,43880,43132,43205,6814
20120302,0,42832,43956,42832,43880,21132
20120229,0,42832,42907,42307,42757,23034
20120228,0,42982,43355,42607,42682,24607
20120227,0,43956,43956,43283,43283,22327
20120224,0,44481,44481,43582,43956,17710
20120223,0,43505,44404,43505,44030,20549
20120222,0,44030,44404,43432,43505,40589
20120221,0,44404,44404,43432,44030,24544
20120220,0,44481,44704,43582,44404,32791
20120217,0,44404,44704,44255,44481,18884
20120216,0,44704,44854,44030,44030,35238
20120215,0,45155,45155,44704,44704,28205
20120214,0,45305,45305,44554,44780,44349
20120213,0,45903,46053,45227,45305,23991
20120210,0,45753,46203,45455,45528,15423
20120209,0,45528,45977,45227,45528,15153
20120208,0,45678,46053,45603,45603,15652
20120207,0,46576,46726,45455,45528,37839
20120206,0,47027,47176,46576,46653,19682
20120203,0,46952,47402,46952,47101,20753
20120202,0,47924,47924,47027,47250,16011
20120201,0,48224,48224,47250,47475,13352
20120131,0,47475,48373,46653,47924,36712
20120130,0,47176,47326,46726,46952,12831
20120127,0,46726,47402,46426,47101,13069
20120126,0,46952,47176,46653,46726,39550
20120125,0,47176,47402,46726,46802,17943
20120120,0,47701,47701,46726,47176,33521
20120119,0,47924,48449,47550,47701,18846
20120118,0,47475,48674,47402,48150,23475
20120117,0,47250,48674,47250,47475,16649
20120116,0,48674,48674,47176,47176,27442
20120113,0,48525,49572,48000,48674,26983
20120112,0,49496,49572,48449,49122,18826
20120111,0,49272,50695,48747,50021,30056
20120110,0,50546,50770,49423,49722,30653
20120109,0,48074,49946,48000,49496,27788
20120106,0,47924,48525,47550,48525,16674
20120105,0,47701,49797,47701,47924,17593
20120104,0,48674,48822,47852,47852,12472
20120103,0,50096,50171,48899,48899,17190
20120102,0,49198,50247,49122,50171,9487
20111229,0,47924,50321,47475,49122,30731
20111228,0,49797,49797,47027,48674,11057
20111227,0,46554,48409,46554,47623,17415
20111226,0,47837,48481,46408,47837,19603
20111223,0,47981,48552,47837,47981,11527
20111222,0,46909,48194,46623,47981,13733
20111221,0,46838,47694,46196,47480,44025
20111220,0,47409,47694,46125,46554,15775
20111219,0,48266,49980,45266,47194,60955
20111216,0,45982,47765,45696,47194,28337
20111215,0,44553,45982,44553,45625,12210
20111214,0,45339,45339,44625,44981,19505
20111213,0,44625,49980,44197,44910,44158
20111212,0,44625,45054,44125,44625,24169
20111209,0,45982,46554,44268,44625,38725
20111208,0,46266,47694,46196,46695,10475
20111207,0,46408,46695,46053,46695,8366
20111206,0,47409,47765,45696,46766,22829
20111205,0,48194,48337,47480,47837,7106
20111202,0,48766,49265,47981,48552,6040
20111201,0,50837,50837,48766,48766,15552
20111130,0,49766,49980,48910,49980,11007
20111129,0,49265,49766,48981,49052,4233
20111128,0,48337,49551,47266,48694,8842
20111125,0,47266,47981,46339,47480,12825
20111124,0,45982,48122,45480,47837,15577
20111123,0,48194,48694,46408,46408,12115
20111122,0,48194,49766,48194,49196,5147
20111121,0,48981,49766,48838,49265,5551
20111118,0,48981,49052,48552,48694,3689
20111117,0,49480,49551,48981,49337,3156
20111116,0,49410,49694,47124,49410,15119
20111115,0,49694,50195,48981,49410,7874
20111114,0,50337,50479,49623,49980,7688
20111111,0,49052,50051,49052,50051,9121
20111110,0,48694,49766,48552,49480,16469
20111109,0,50409,50693,49410,50337,11382
20111108,0,50409,50479,49265,50337,15508
20111107,0,49837,50837,49551,50409,11177
20111104,0,50266,50622,49410,50479,20323
20111103,0,50051,50337,48409,50266,28147
20111102,0,47694,50051,47338,49623,44284
20111101,0,46766,48766,46408,48481,31886
20111031,0,46480,47765,45909,47052,31735
20111028,0,46125,46838,45554,46480,32467
20111027,0,45410,46408,44697,45696,36329
20111026,0,44981,45766,44697,44981,20969
20111025,0,46623,46981,45480,45480,28701
20111024,0,45909,46981,45339,46408,24638
20111021,0,44910,45909,44053,45909,20293
20111020,0,45124,45480,44339,44910,21696
20111019,0,47052,47052,43982,45124,102322
20111018,0,45766,47124,45054,46408,34629
20111017,0,46554,46909,45838,46408,20058
20111014,0,45124,46408,44767,46053,16051
20111013,0,44625,45909,44553,44910,27070
20111012,0,45266,45554,44339,44625,23697
20111011,0,43269,44553,42840,44339,33835
20111010,0,43197,43839,42482,42553,29538
20111007,0,43054,43911,41982,42268,37630
20111006,0,43054,44553,42125,42268,39663
20111005,0,45838,46053,42268,42553,46484
20111004,0,47194,47553,43269,45838,57085
20110930,0,48337,49980,48337,48910,14598
20110929,0,48910,49122,47480,48552,26672
20110928,0,49265,49766,48409,49122,25095
20110927,0,49196,50978,48266,49265,31035
20110926,0,50766,51479,48766,49122,26565
20110923,0,54265,54835,50195,50766,38790
20110922,0,54622,55550,54622,55336,5964
20110921,0,55123,56336,54265,55979,13541
20110920,0,55479,55479,54478,55123,8895
20110919,0,56478,56906,55336,55479,3914
20110916,0,55264,57049,54908,56906,11339
20110915,0,55264,55623,54194,54978,4836
20110914,0,56622,56691,54265,54265,7142
20110909,0,56192,56764,55907,56764,12081
20110908,0,57335,57335,55907,56192,14837
20110907,0,58191,58406,56979,57121,15010
20110906,0,56979,58906,56979,57906,6979
20110905,0,58906,58906,56622,58549,11977
20110902,0,58906,59619,57980,59333,11778
20110901,0,59406,60119,58478,59263,13851
20110831,0,59547,60191,58406,60191,9982
20110830,0,58691,59547,58048,59547,10550
20110829,0,56478,59191,56121,59191,24451
20110826,0,55336,56264,55123,56121,13744
20110825,0,55979,57121,55693,55693,5735
20110824,0,57121,57121,55623,56622,8885
20110823,0,55123,57121,55123,56622,12426
20110822,0,55408,57121,54407,55979,19277
20110819,0,57264,57478,55550,55979,23376
20110818,0,58620,59977,57906,58334,19106
20110817,0,60119,60835,58048,58620,65156
20110816,0,63120,64474,58120,61405,71776
20110812,0,59762,63832,59619,63120,57608
20110811,0,55693,59762,55693,59191,14843
20110810,0,60690,62048,57550,58977,23197
20110809,0,57121,60620,52837,60191,51482
20110808,0,62048,62762,53550,61262,45828
20110805,0,62048,63404,59906,62048,60602
20110804,0,63832,65547,63262,64903,71705
20110803,0,61477,64047,60835,63332,55347
20110802,0,63404,63903,62403,62403,25785
20110801,0,62119,64261,61477,63903,35933
20110729,0,61691,64404,61262,61405,77168
20110728,0,63190,63190,61834,61976,32441
20110727,0,60547,63332,60048,63262,53968
20110726,0,59547,60620,59333,59690,20572
20110725,0,59477,59619,58762,59048,24393
20110722,0,60334,61192,59977,60191,23864
20110721,0,59977,60835,58906,60835,23801
20110720,0,60476,60476,58835,59977,50160
20110719,0,58906,59690,58478,59547,25594
20110718,0,58048,59333,57550,58762,31363
20110715,0,56550,58549,56478,58334,93019
20110714,0,54265,56121,53979,56051,53089
20110713,0,52837,54693,52837,54407,25177
20110712,0,52979,53408,52551,52837,17565
20110711,0,54407,54407,52907,53694,35300
20110708,0,54622,54622,54049,54622,20072
20110707,0,53979,54550,53622,54478,24865
20110706,0,54336,54336,53622,53765,11836
20110705,0,54265,54265,53408,53834,17672
20110704,0,55336,55336,54265,54265,18101
20110701,0,54908,55479,54693,55123,32960
20110630,0,53051,55408,52837,55051,76541
20110629,0,54049,54049,53193,53907,30040
20110628,0,54407,54407,53335,54049,22077
20110627,0,52907,54194,52622,54049,36989
20110624,0,51695,52979,51695,52694,43141
20110623,0,51479,52336,51479,51622,19566
20110622,0,51695,52052,51479,51479,16115
20110621,0,52837,52837,51122,51479,36264
20110620,0,53408,53550,52267,52837,27918
20110617,0,53408,53550,52907,53408,29205
20110616,0,53622,53765,53123,53765,31571
20110615,0,54194,54194,53051,53979,20918
20110614,0,53622,54123,53051,53834,20918
20110613,0,53765,54478,53265,53907,49105
20110610,0,54194,54265,52979,53765,70342
20110609,0,52979,54622,52766,54123,51453
20110608,0,53265,53408,52694,52979,29483
20110607,0,50837,53265,50693,52979,61018
20110603,0,51766,51979,50337,50409,85929
20110602,0,52122,53265,51622,51622,72690
20110601,0,52480,53123,52267,52622,48351
20110531,0,52551,52837,51766,52837,45013
20110530,0,52194,53479,51766,52551,63960
20110527,0,52194,52622,51266,52122,111862
20110526,0,54194,54336,51838,52766,130509
20110525,0,55051,55193,52837,53907,62943
20110524,0,53979,55479,53979,55193,45115
20110523,0,56264,56336,54265,54336,84122
20110520,0,59263,59690,56192,56336,129525
20110519,0,64261,64332,58263,58478,300629
20110518,0,65689,65831,61119,63476,150348
20110517,0,65474,66617,63476,65474,104318
20110516,0,63047,65474,62547,65474,96469
20110513,0,62691,63547,62191,63047,97206
20110512,0,61119,63618,61047,61976,100234
20110511,0,61834,62048,59977,62048,70177
20110509,0,61619,62334,60620,61834,51961
20110506,0,61547,61904,59977,61619,62780
20110504,0,57691,62477,57691,61547,330184
20110503,0,55979,56835,54978,56691,54961
20110502,0,53694,55907,53550,55693,73353
20110429,0,54265,54550,52979,54478,47884
20110428,0,55123,55123,53622,54265,55588
20110427,0,53193,55123,53193,54693,87133
20110426,0,53765,53834,52408,53622,77762
20110425,0,55550,55623,53622,53765,88323
20110422,0,56406,56764,54550,55123,193628
20110421,0,55123,56051,53694,56051,82801
20110420,0,54765,56622,54622,55123,54478
20110419,0,54765,54978,53907,54550,37616
20110418,0,56051,56478,54336,55193,53126
20110415,0,56550,57192,55907,56336,60194
20110414,0,57691,57835,56051,56478,47168
20110413,0,58620,58906,56906,57691,58637
20110412,0,58835,59547,58406,59048,25900
20110411,0,59120,59477,58478,59120,26940
20110408,0,60476,60476,58906,59120,24306
20110407,0,59977,60334,58620,60191,42184
20110406,0,62119,62119,59619,60334,69981
20110405,0,62048,63262,61619,62119,44674
20110404,0,61904,62618,60262,61976,54306
20110401,0,62477,62762,61262,61335,46417
20110331,0,61405,62618,60835,62477,80585
20110330,0,59619,61547,58977,61405,104686
20110329,0,56622,59977,56622,59547,61416
20110328,0,57478,57906,56550,57335,14278
20110325,0,56979,57478,55764,57478,38066
20110324,0,57478,57478,55336,56550,32228
20110323,0,54550,57620,54407,56478,50209
20110322,0,54194,55051,53694,54550,30377
20110321,0,53834,53979,53193,53765,15368
20110318,0,53479,53622,52766,53265,28499
20110317,0,53694,54123,52622,53265,23504
20110316,0,53193,54765,53193,54194,10238
20110315,0,54265,54622,52052,54194,32045
20110314,0,54622,55193,53550,54265,17267
20110311,0,55408,55979,55051,55193,12183
20110310,0,56835,56835,55550,55693,26727
20110309,0,56622,56622,55764,56406,21575
20110308,0,56764,57121,55907,56835,27082
20110307,0,56906,57121,56336,56764,11844
20110304,0,55479,57550,55123,57049,27781
20110303,0,56764,57764,55408,55623,38025
20110302,0,55693,57335,55693,56622,14524
20110228,0,57764,58406,53979,57121,65537
20110225,0,59263,59263,57620,58406,35653
20110224,0,58906,59477,58406,58906,16562
20110223,0,57192,59690,57192,59120,49689
20110222,0,58906,59048,57335,58334,25790
20110221,0,58977,59263,58191,59048,36054
20110218,0,58048,58977,57835,58977,18754
20110217,0,57335,58762,57335,58406,28498
20110216,0,56622,58549,56622,57835,21309
20110215,0,58334,58334,57264,57620,18608
20110214,0,59048,59048,57264,58334,51722
20110211,0,59762,59762,57764,59048,65450
20110210,0,58191,59835,57764,59762,99595
20110209,0,58263,58406,57049,57980,42646
20110208,0,58263,58478,57691,57980,32859
20110207,0,56192,58191,56192,57980,105780
20110201,0,53193,56192,53193,55693,85504
20110131,0,53123,53622,52694,53193,30596
20110128,0,53765,54407,52551,54049,59395
20110127,0,53265,54478,51908,54265,76290
20110126,0,54550,54978,53051,53479,91310
20110125,0,55979,56550,55051,55051,47916
20110124,0,56406,56906,55693,56264,38299
20110121,0,57550,57620,56264,57121,30064
20110120,0,57478,57835,56835,57121,46686
20110119,0,58549,58762,57407,57980,44616
20110118,0,58762,58906,58048,58835,47110
20110117,0,57764,58691,57620,58691,51465
20110114,0,57335,57764,55835,57764,70688
20110113,0,58120,58478,57121,57121,73129
20110112,0,58762,59120,57980,58120,80303
20110111,0,59120,59477,58620,59120,35202
20110110,0,58762,59619,58478,59120,77509
20110107,0,59263,59263,58406,58691,89709
20110106,0,60690,60690,59191,59333,126438
20110105,0,62547,62547,60547,60690,102432
20110104,0,63190,63476,62191,62547,51076
20110103,0,63404,63618,62403,63404,43731
20101230,0,63262,63404,62119,63404,44609
20101229,0,61904,62762,60835,62762,32026
20101228,0,59880,60834,59743,60834,48516
20101227,0,59402,60423,59334,60152,54945
20101224,0,59608,60015,59199,59268,34788
20101223,0,60289,60423,59268,59608,47720
20101222,0,58791,60152,58450,59743,78662
20101221,0,58179,59131,58110,58859,65479
20101220,0,58587,58927,57771,58041,59727
20101217,0,59880,60152,58859,59334,33641
20101216,0,60084,60084,59402,59880,24261
20101215,0,60629,60696,59334,60152,82658
20101214,0,59334,60696,59334,60696,82103
20101213,0,58721,59472,58721,59334,52466
20101210,0,59880,60220,58519,58927,138155
20101209,0,60015,63282,59131,59540,198108
20101208,0,61717,61988,59743,60015,116927
20101207,0,63416,63623,61513,61784,54860
20101206,0,64779,65597,62738,63282,50872
20101203,0,65051,65051,62397,63962,81549
20101202,0,64846,65731,63962,65526,40455
20101201,0,64234,65392,63623,65324,26471
20101130,0,62126,65120,62126,65120,49854
20101129,0,61717,62738,60900,62534,19123
20101126,0,63282,63282,60900,61648,28441
20101125,0,62194,63692,61377,63282,52371
20101124,0,58859,61717,58519,61581,104504
20101123,0,61172,61784,59810,60629,47208
20101122,0,60696,61241,59334,61103,35763
20101119,0,60423,61377,59743,61172,74326
20101118,0,61036,61172,59880,60289,61674
20101117,0,62602,62942,59062,61852,129473
20101116,0,64575,64575,62805,63282,28328
20101115,0,64710,65324,63895,64303,29726
20101112,0,66004,66073,63485,65324,77994
20101111,0,67433,67433,65255,65526,59584
20101110,0,65868,67568,65526,67366,58418
20101109,0,64846,65868,64846,65868,39937
20101108,0,66073,66073,64779,65324,45832
20101105,0,66819,66887,65868,66276,34266
20101104,0,67297,67637,66004,66887,37189
20101103,0,67025,67842,65120,67297,64036
20101102,0,66754,67705,66004,67025,24511
20101101,0,67366,67501,66207,67025,21575
20101029,0,67433,67705,66073,67366,36829
20101028,0,68386,68386,64779,67433,202750
20101027,0,71447,71447,69747,70767,49210
20101026,0,70427,71789,70086,70427,87602
20101025,0,71109,71447,69067,70767,157701
20101022,0,74853,75191,72128,72810,103021
20101021,0,77913,78592,71447,74853,83115
20101020,0,77913,79954,76892,77572,60296
20101019,0,75191,78934,74510,78934,88232
20101018,0,73150,75191,72810,75191,31114
20101015,0,73491,75191,72469,73828,49747
20101014,0,74853,75532,73150,74172,39257
20101013,0,75191,75872,72469,75872,47156
20101012,0,72469,74853,70427,74853,70903
20101011,0,73828,74510,71789,71789,45717
20101008,0,74172,75191,73150,74172,36640
20101007,0,75872,78934,72810,74853,87084
20101006,0,74172,76892,74172,75872,65880
20101005,0,75532,76212,72469,74172,80985
20101004,0,77233,78592,74853,75191,50801
20101001,0,78934,78934,76212,77572,62846
20100930,0,78252,79614,76892,78252,76061
20100929,0,80294,80294,77572,77572,253568
20100928,0,80294,81315,75872,79614,178467
20100927,0,78592,82675,76892,80976,71412
20100924,0,77913,79954,76892,77913,36381
20100920,0,81315,81655,77572,78934,59149
20100917,0,76892,81315,75532,80635,99919
20100916,0,71447,77913,71447,76552,88553
20100915,0,72810,73491,68386,70767,53250
20100914,0,73491,74172,72469,72810,37660
20100913,0,76892,76892,73150,74172,39477
20100910,0,76212,77233,74510,75872,43108
20100909,0,75872,77572,74172,76892,41666
20100908,0,75532,77572,74853,75872,32166
20100907,0,75872,76892,75191,75872,26000
20100906,0,78934,79954,75872,75872,39120
20100903,0,78252,79614,77913,78592,37609
20100902,0,78252,79274,76892,78592,32996
20100901,0,74510,78934,74172,78592,51724
20100831,0,72810,75532,71789,74853,38483
20100830,0,73828,73828,70767,73150,16907
20100827,0,71447,74172,70767,72469,30375
20100826,0,74172,74172,70427,72469,46749
20100825,0,73150,74853,70767,72810,59793
20100824,0,68726,74172,68046,73491,90898
20100823,0,66616,69067,66276,68046,31039
20100820,0,68386,68386,66073,66140,43401
20100819,0,69067,70086,66548,68046,37725
20100818,0,67366,69747,66686,69406,60137
20100817,0,65800,67093,64846,66686,29303
20100816,0,62397,66004,62329,66004,25679
20100813,0,64303,64644,62805,62805,39445
20100812,0,64710,65868,63962,63962,32046
20100811,0,65255,66481,64575,65597,32387
20100810,0,66140,66686,64779,65597,29384
20100809,0,64846,69406,64440,66004,79812
20100806,0,60015,66004,59948,65392,88664
20100805,0,62942,62942,59472,59880,73739
20100804,0,62057,63416,58519,62057,64204
20100803,0,62057,63282,61922,62057,36735
20100802,0,67025,67297,61581,61922,102545
20100730,0,61241,70427,61241,67976,246830
